Rk;Player;Pos;Age;Tm;G;GS;MP;FG;FGA;FG%;3P;3PA;3P%;2P;2PA;2P%;eFG%;FT;FTA;FT%;ORB;DRB;TRB;AST;STL;BLK;TOV;PF;PTS
1;Precious Achiuwa;C;24;TOR;7;0;20.7;3;6.9;0.438;0.3;1.7;0.167;2.7;5.1;0.528;0.458;0.9;1;0.857;1.7;4.9;6.6;1.6;0.4;0.4;1.4;2;7.1
2;Bam Adebayo;C;26;MIA;12;12;34.8;8.3;15.6;0.535;0.1;0.2;0.5;8.3;15.4;0.535;0.537;6.1;7.3;0.83;2.2;8;10.2;3.9;1.3;1.2;2.8;2.3;22.8
3;Ochai Agbaji;SG;23;UTA;12;4;17.8;1.8;4.3;0.423;1;2.6;0.387;0.8;1.8;0.476;0.538;0.2;0.3;0.5;0.9;2;2.9;0.9;0.3;0.8;0.6;1.4;4.8
4;Santi Aldama;PF;23;MEM;6;0;23.5;5;10.5;0.476;1.5;4.2;0.36;3.5;6.3;0.553;0.548;1;2;0.5;0.8;4.7;5.5;2;0.5;0.8;1.8;1.3;12.5
5;Nickeil Alexander-Walker;SG;25;MIN;12;2;19.7;2.1;5;0.417;1.1;3.1;0.351;1;1.9;0.522;0.525;0.2;0.5;0.333;0.1;1.7;1.8;2.4;0.8;0.8;1;1.5;5.4
6;Grayson Allen;SG;28;PHO;12;12;30.9;4.3;9.1;0.468;2.7;5.4;0.492;1.6;3.7;0.432;0.615;1;1;1;1;3.8;4.8;2.7;0.4;0.4;1.7;2.3;12.2
7;Jarrett Allen;C;25;CLE;7;7;26.7;3.9;6;0.643;0;0;0;3.9;6;0.643;0.643;3.9;5;0.771;2.9;4.6;7.4;1.7;0.4;1.6;1.7;2.1;11.6
8;Kyle Anderson;PF;30;MIN;12;0;24.9;3.1;5.7;0.544;0.2;0.8;0.2;2.9;4.8;0.603;0.559;1.2;1.8;0.636;0.8;3.1;3.8;4.1;1.1;0.8;1.8;1.4;7.5
9;Giannis Antetokounmpo;PF;29;MIL;12;12;32.6;11.2;18.8;0.596;0.6;2.3;0.259;10.6;16.5;0.641;0.611;6.3;10;0.633;2.1;7.8;9.9;4.3;1;1.2;4.2;3.1;29.3
10;Thanasis Antetokounmpo;PF;31;MIL;5;0;7.8;0.6;1.6;0.375;0;0;0;0.6;1.6;0.375;0.375;0;0;0;0.4;0;0.4;0.8;0.2;0.2;0.8;1.4;1.2
11;Cole Anthony;PG;23;ORL;12;0;24.8;4.1;10;0.408;1.4;4.1;0.347;2.7;5.9;0.451;0.479;3.7;4.4;0.83;1;3.5;4.5;3.1;0.8;0.3;2.3;2.6;13.3
12;OG Anunoby;SF;26;TOR;8;8;31.4;6.3;12.3;0.51;2.8;7;0.393;3.5;5.3;0.667;0.622;1.1;1.9;0.6;0.6;3.4;4;1.8;1.3;0.6;1.6;2.3;16.4
13;Ryan Arcidiacono;PG;29;NYK;4;0;2;0;0.3;0;0;0.3;0;0;0;0;0;0;0;0;0;0.3;0.3;0;0;0;0;0;0
14;Deni Avdija;SF;23;WAS;12;12;27.3;5.3;9.9;0.529;1.3;3.2;0.421;3.9;6.8;0.58;0.597;1.3;1.7;0.8;1.3;4.3;5.6;3.8;1.3;0.3;1.7;2.6;13.2
15;Deandre Ayton;C;25;POR;12;12;32;5.9;10.6;0.559;0;0;0;5.9;10.6;0.559;0.559;0.5;0.6;0.857;3.2;8.3;11.5;1.3;1.5;0.8;2;3;12.3
16;Udoka Azubuike;C;24;PHO;2;0;4.5;0.5;0.5;1;0;0;0;0.5;0.5;1;1;0;0;0;0;2;2;0;0;0;0;0.5;1
17;Marvin Bagley III;C;24;DET;13;4;19.5;4.2;7.2;0.591;0.1;0.4;0.2;4.2;6.8;0.614;0.597;2.6;2.8;0.919;1.8;3.4;5.2;1.2;0.1;0.6;1.5;1.7;11.2
18;Amari Bailey;PG;19;CHO;1;0;3;1;3;0.333;0;0;0;1;3;0.333;0.333;0;0;0;2;0;2;0;0;0;0;0;2
19;Patrick Baldwin Jr.;SF;21;WAS;3;0;3.7;0;0.7;0;0;0.3;0;0;0.3;0;0;0;0;0;0;0.3;0.3;0.3;0;0;0;0.3;0
20;LaMelo Ball;PG;22;CHO;12;12;33.8;8.4;19.5;0.432;3.3;8.7;0.385;5.1;10.8;0.469;0.517;4.3;4.9;0.864;1.6;3.8;5.3;8.3;1.5;0.3;4.1;3.8;24.4
21;Mo Bamba;C;25;PHI;4;0;2.3;0;0.5;0;0;0;0;0;0.5;0;0;0.5;0.5;1;0.5;1;1.5;0;0;0.5;0.8;0.8;0.5
22;Paolo Banchero;PF;21;ORL;12;12;33.8;6.3;14;0.452;1.2;3;0.389;5.2;11;0.47;0.494;4.4;6.9;0.639;1.5;5.6;7.1;4.8;1.3;0.4;3.6;2.4;18.3
23;Desmond Bane;SG;25;MEM;12;12;34.7;9.3;20.1;0.461;3.3;9.3;0.36;5.9;10.8;0.546;0.544;3.7;4.3;0.863;0.8;3.7;4.5;4.5;1.4;0.8;2.6;3.2;25.5
24;Dalano Banton;PG;24;BOS;5;0;7.2;1.2;2.6;0.462;0;0.6;0;1.2;2;0.6;0.462;0.6;0.6;1;0.8;1.4;2.2;0.4;0.4;0;0.2;1;3
25;Dominick Barlow;PF;20;SAS;5;0;4.6;0.4;1;0.4;0;0;0;0.4;1;0.4;0.4;0.4;0.8;0.5;0;0.6;0.6;0;0;0;0;0.2;1.2
26;Harrison Barnes;PF;31;SAC;11;11;30.5;3.7;8;0.466;1.7;4.6;0.373;2;3.4;0.595;0.574;1.8;2.4;0.769;0.6;2.2;2.8;1.3;0.8;0.1;0.7;1.2;11
27;Scottie Barnes;SG;22;TOR;12;12;35.4;7.7;16.3;0.469;1.9;5.2;0.371;5.8;11.2;0.515;0.528;3.1;4.1;0.755;2.8;6.3;9.1;5.8;1.6;1.6;2.4;2.3;20.3
28;RJ Barrett;SG;23;NYK;8;8;30.5;7.5;16;0.469;2.6;5.6;0.467;4.9;10.4;0.47;0.551;4;4.8;0.842;0.5;2.9;3.4;3.1;0.6;0.3;2;1;21.6
29;Charles Bassey;C;23;SAS;13;0;10.7;1.6;2.2;0.75;0;0.1;0;1.6;2.1;0.778;0.75;0.2;0.2;0.667;1.2;2.4;3.5;0.8;0.6;0.5;0.5;1.5;3.4
30;Emoni Bates;SF;20;CLE;5;0;6.4;0.6;1.8;0.333;0.4;1.2;0.333;0.2;0.6;0.333;0.444;0.2;0.4;0.5;0.2;1.2;1.4;0.2;0;0.2;0.2;0.2;1.8
31;Keita Bates-Diop;SF;28;PHO;9;4;20.8;2.3;5.2;0.447;0.7;2;0.333;1.7;3.2;0.517;0.511;0.9;1.3;0.667;1.2;2.7;3.9;1.1;0.7;1;0.1;1.3;6.2
32;Nicolas Batum;PF;35;TOT;7;1;22.4;1.9;3.3;0.565;1.4;2.9;0.5;0.4;0.4;1;0.783;0;0;0;0.7;2.6;3.3;1.3;0.9;1.1;0.3;2;5.1
32;Nicolas Batum;PF;35;LAC;3;0;18;1;2.7;0.375;0.7;2.3;0.286;0.3;0.3;1;0.5;0;0;0;0;2.3;2.3;1.7;1;1.3;0.3;1.7;2.7
32;Nicolas Batum;PF;35;PHI;4;1;25.8;2.5;3.8;0.667;2;3.3;0.615;0.5;0.5;1;0.933;0;0;0;1.3;2.8;4;1;0.8;1;0.3;2.3;7
33;Bradley Beal;SG;30;PHO;3;3;28.7;6;15.3;0.391;1.7;5;0.333;4.3;10.3;0.419;0.446;3.7;5.3;0.688;1;4.3;5.3;3.7;0.7;0.3;3;3;17.3
34;Malik Beasley;SG;27;MIL;13;13;26.6;3.8;7.8;0.49;2.7;5.8;0.461;1.2;2;0.577;0.662;0.4;0.7;0.556;0.4;3.3;3.7;1.3;0.9;0;0.6;2.3;10.8
35;MarJon Beauchamp;SF;23;MIL;10;0;16.7;2.6;5.1;0.51;1.1;2.5;0.44;1.5;2.6;0.577;0.618;0.5;0.8;0.625;0.8;1.5;2.3;1;0.3;0.1;0.7;1.7;6.8
36;D?vis Bert?ns;PF;31;OKC;3;0;8.3;0.3;1.7;0.2;0.3;1.7;0.2;0;0;0;0.3;2;2;1;0;0.3;0.3;0.3;0.3;0;0;1;3
37;Patrick Beverley;PG;35;PHI;12;0;15.9;0.8;2.6;0.323;0.2;1.3;0.125;0.7;1.3;0.533;0.355;0.3;0.4;0.6;0.9;2.2;3.1;1.9;0.4;0.4;0.4;2.1;2.1
38;Saddiq Bey;SF;24;ATL;12;3;27.9;4.5;9.1;0.495;1.8;4.6;0.382;2.8;4.5;0.611;0.592;1.5;1.8;0.857;2;3.4;5.4;1.2;1.1;0.3;1.5;1.3;12.3
39;Goga Bitadze;C;24;ORL;10;7;17.2;2.6;4.3;0.605;0;0.3;0;2.6;4;0.65;0.605;1.8;2.5;0.72;2.2;3;5.2;1;1;1.1;0.5;2.3;7
40;Onuralp Bitim;SG;24;CHI;1;0;3;0;0;0;0;0;0;0;0;0;0;0;0;0;0;0;0;0;0;0;0;0;0
41;Bismack Biyombo;C;31;MEM;7;6;25.7;3.4;5.7;0.6;0;0;0;3.4;5.7;0.6;0.6;1.6;2.6;0.611;4.4;4.9;9.3;2.1;0.4;1;0.7;3.3;8.4
42;Anthony Black;PG;20;ORL;10;6;19;2.2;4;0.55;0.5;1.5;0.333;1.7;2.5;0.68;0.613;0.6;1;0.6;0.8;1.1;1.9;1.4;0.4;0.3;1;1.7;5.5
43;Leaky Black;SF;24;CHO;3;0;4;0.7;1.7;0.4;0.3;0.7;0.5;0.3;1;0.333;0.5;0;0;0;0;0.7;0.7;0.3;0;0.7;0;0.3;1.7
44;Bogdan Bogdanovi?;SG;31;ATL;12;1;26;5.3;12.2;0.432;2.9;8.3;0.354;2.3;3.9;0.596;0.551;1.2;1.3;0.933;0.3;2.3;2.7;3;1.6;0.4;1.3;2;14.6
45;Bol Bol;PF;24;PHO;3;0;2.3;0.3;0.3;1;0;0;0;0.3;0.3;1;1;0;0;0;0;0.3;0.3;0;0;0.3;0.7;0;0.7
46;Marques Bolden;C;25;MIL;1;0;3;0;0;0;0;0;0;0;0;0;0;0;0;0;0;2;2;0;0;0;0;1;0
47;Devin Booker;SG;27;PHO;4;4;32.5;10.5;19.3;0.545;3;6.3;0.48;7.5;13;0.577;0.623;5.5;6;0.917;0.8;5;5.8;10.3;0.3;0;3.5;3.3;29.5
48;Chris Boucher;PF;31;TOR;10;0;16.7;2.2;5;0.44;0.6;1.6;0.375;1.6;3.4;0.471;0.5;1.9;2.2;0.864;1.7;3.6;5.3;0.5;0.2;0.7;0.6;2.2;6.9
49;Jamaree Bouyea;PG;24;POR;4;0;10;1;4.3;0.235;0;1.5;0;1;2.8;0.364;0.235;0;0;0;0.3;1.5;1.8;0.8;0;0;1.3;0.8;2
50;Malaki Branham;SG;20;SAS;13;3;20.6;3.6;8.5;0.423;0.8;3.2;0.268;2.8;5.4;0.514;0.473;0.6;0.7;0.889;0.2;1.2;1.4;2.5;0.5;0.1;1;1.2;8.7
51;Christian Braun;SG;22;DEN;12;0;19.9;3.4;7.1;0.482;0.6;1.9;0.304;2.8;5.2;0.548;0.524;1.3;1.9;0.652;1.1;3.4;4.5;2.2;0.4;0.3;0.5;1.5;8.7
52;Mikal Bridges;SF;27;BRK;12;12;34.3;7.5;16.6;0.452;1.9;6.5;0.295;5.6;10.1;0.554;0.51;3.6;4.3;0.843;1.3;4.9;6.3;3.8;1.2;0.4;2.5;1.9;20.5
53;Miles Bridges;SF;25;CHO;2;0;32.5;7;12.5;0.56;1.5;3;0.5;5.5;9.5;0.579;0.62;2.5;3;0.833;0;4.5;4.5;3.5;1.5;0.5;1.5;1.5;18
54;Oshae Brissett;SF;25;BOS;6;0;11.2;0.5;2.8;0.176;0.2;1.5;0.111;0.3;1.3;0.25;0.206;1;1.3;0.75;1;1.3;2.3;0.3;0.7;0;0.3;0.8;2.2
55;Malcolm Brogdon;PG;31;POR;8;3;27.8;6.1;15.1;0.405;2;5.9;0.34;4.1;9.3;0.446;0.471;3;3.8;0.8;1;3.8;4.8;5.5;0.8;0;1.6;1.4;17.3
56;Armoni Brooks;PG;25;BRK;3;0;12;2;4;0.5;1.7;3;0.556;0.3;1;0.333;0.708;0;0;0;0.3;1.7;2;0;0;0;0.3;0;5.7
57;Dillon Brooks;SF;28;HOU;10;10;30.9;4.5;8.4;0.536;1.6;3.2;0.5;2.9;5.2;0.558;0.631;2.1;2.6;0.808;0.5;3.7;4.2;1.9;1.1;0.1;1.8;3.7;12.7
58;Bruce Brown;SG;27;IND;11;11;31.5;4.3;9.4;0.456;1.5;3.8;0.381;2.8;5.5;0.508;0.534;1.3;1.5;0.875;0.7;3.8;4.5;2.7;1;0.4;0.9;2;11.3
59;Jaylen Brown;SF;27;BOS;11;11;33.9;8.5;18.1;0.472;2.8;7.5;0.378;5.7;10.6;0.538;0.55;3;4.1;0.733;0.5;4.5;5;3.3;1;0.5;2.5;2.6;22.9
60;Kobe Brown;PF;24;LAC;6;0;8.7;1.2;2.3;0.5;0.5;1.3;0.375;0.7;1;0.667;0.607;0;0;0;0.3;1;1.3;0.3;0.2;0.2;0.2;1.3;2.8
61;Moses Brown;C;24;POR;1;0;5;2;3;0.667;0;0;0;2;3;0.667;0.667;0;2;0;2;1;3;1;0;1;0;1;4
62;Troy Brown Jr.;SF;24;MIN;8;0;7.3;0.4;1.6;0.231;0;0.9;0;0.4;0.8;0.5;0.231;1.3;1.3;1;0.4;1.6;2;0.5;0.4;0;0.4;0.3;2
63;Jalen Brunson;PG;27;NYK;13;13;35.2;8.5;19.4;0.437;3.2;6.8;0.477;5.2;12.6;0.415;0.52;4;4.7;0.852;0.8;2.6;3.4;5;0.8;0;2.1;1.9;24.2
64;Thomas Bryant;C;26;MIA;10;1;12.5;2.1;4;0.525;0;0.2;0;2.1;3.8;0.553;0.525;1;1.3;0.769;1.1;2.6;3.7;0.6;0.4;0.3;1;1.2;5.2
65;Kobe Bufkin;SG;20;ATL;2;0;2;0;1.5;0;0;0.5;0;0;1;0;0;0.5;1;0.5;0.5;0.5;1;0;0;0;0;0;0.5
66;Reggie Bullock;SF;32;HOU;5;0;10.4;0.4;1.6;0.25;0.4;1.4;0.286;0;0.2;0;0.375;0;0;0;0;1.4;1.4;0.6;0.2;0.2;0.4;0.8;1.2
67;Alec Burks;SG;32;DET;7;0;24.3;4;10.3;0.389;3.1;7.1;0.44;0.9;3.1;0.273;0.542;3.4;4;0.857;0.7;2.3;3;2.7;0.4;0.4;0.1;2;14.6
68;Jared Butler;SG;23;WAS;3;0;3.7;0.3;1.3;0.25;0.3;1;0.333;0;0.3;0;0.375;0;0;0;0;0;0;0.3;0;0;0.3;0;1
69;Jimmy Butler;PF;34;MIA;11;11;33.8;6.9;14.4;0.481;1.2;2.6;0.448;5.7;11.7;0.488;0.522;6.9;7.9;0.874;2.4;3.2;5.5;3.5;1.4;0.5;1.8;0.7;21.9
70;Jamal Cain;PF;24;MIA;3;0;10;1.3;3;0.444;0;1.3;0;1.3;1.7;0.8;0.444;0;0;0;1;1;2;0;1;0;0.3;0.7;2.7
71;Kentavious Caldwell-Pope;SG;30;DEN;12;12;33.9;3.3;7;0.476;1.7;3.7;0.455;1.7;3.3;0.5;0.595;1.2;1.3;0.875;0.2;1.6;1.8;2.4;1.7;0.6;1.1;2.3;9.5
72;Toumani Camara;PF;23;POR;12;3;25.3;1.9;5.7;0.338;0.7;2.7;0.25;1.3;3;0.417;0.397;1.1;1.6;0.684;1.9;2.6;4.5;1.3;0.9;0.8;1.1;2.3;5.6
73;Clint Capela;C;29;ATL;12;12;25.4;4.3;7.1;0.6;0;0;0;4.3;7.1;0.6;0.6;1.7;2.6;0.645;3.8;6;9.8;1;0.8;1.6;0.7;2.3;10.2
74;Jevon Carter;PG;28;CHI;14;0;14.4;2.4;5.6;0.43;1.6;3.7;0.442;0.8;1.9;0.407;0.576;0;0.1;0;0.1;0.5;0.6;1.1;0.6;0.3;0.7;1.2;6.5
75;Wendell Carter Jr.;C;24;ORL;5;5;29.4;3.4;9;0.378;1;3.2;0.313;2.4;5.8;0.414;0.433;1.6;2.8;0.571;2.2;6.4;8.6;1.6;0.6;0.4;1.6;2.8;9.4
76;Alex Caruso;SG;29;CHI;12;2;24;3.3;5.4;0.615;1.6;3.2;0.5;1.8;2.3;0.778;0.762;1.3;1.8;0.762;1.3;2.3;3.5;2.3;1.5;0.9;1.1;2.8;9.6
77;Colin Castleton;C;23;LAL;2;0;9.5;1;2;0.5;0;0;0;1;2;0.5;0.5;0;0;0;1;0.5;1.5;1;0;0;0;2.5;2
78;Malcolm Cazalon;SG;22;DET;1;0;3;0;0;0;0;0;0;0;0;0;0;0;0;0;0;0;0;0;0;0;0;0;0
79;Julian Champagnie;SF;22;SAS;8;3;14;1.5;5.4;0.279;1;3.4;0.296;0.5;2;0.25;0.372;0.6;0.8;0.833;0.3;1.1;1.4;1;0.6;0.9;1;0.4;4.6
80;Max Christie;SG;20;LAL;9;0;12.6;1;3.3;0.3;0.2;1.2;0.182;0.8;2.1;0.368;0.333;0.4;0.6;0.8;0.2;2.3;2.6;0.6;0.3;0.1;0.8;1;2.7
81;Jordan Clarkson;SG;31;UTA;12;12;31.8;7.2;16.4;0.437;2;5.9;0.338;5.2;10.5;0.492;0.497;3;3.5;0.857;1.4;1.9;3.3;4.8;0.9;0.2;3.2;1.4;19.3
82;Nic Claxton;C;24;BRK;4;4;25.8;4.5;7.3;0.621;0;0;0;4.5;7.3;0.621;0.621;1.3;1.8;0.714;2.8;5.3;8;2;0.5;3;0.5;2.3;10.3
83;Amir Coffey;SF;26;LAC;5;0;7.4;0.4;1.6;0.25;0;0.4;0;0.4;1.2;0.333;0.25;0.8;0.8;1;0;0.6;0.6;0.4;0;0;0.4;0.4;1.6
84;John Collins;PF;26;UTA;12;12;31.5;5.6;10.8;0.519;1.5;3.5;0.429;4.1;7.3;0.563;0.589;2.3;3.2;0.711;2.8;5.9;8.7;1;0.6;1;1.2;3.7;14.9
85;Zach Collins;C;26;SAS;13;13;29.9;5.8;10.6;0.551;1.2;3.8;0.306;4.7;6.8;0.685;0.605;2.3;3;0.769;2.1;4.3;6.4;4;0.7;0.9;2.8;3.7;15.2
86;Mike Conley;PG;36;MIN;12;12;28.8;3.8;7.7;0.5;1.8;4.3;0.423;2;3.3;0.6;0.62;1;1;1;0.7;2.4;3.1;5.1;0.8;0.1;0.8;1.8;10.5
87;Pat Connaughton;SF;31;MIL;13;0;23.7;2.3;5.5;0.417;1.2;3.6;0.34;1.1;1.9;0.56;0.528;0.6;0.8;0.8;0.7;2.9;3.6;2.2;0.5;0.2;0.8;1.2;6.5
88;Bilal Coulibaly;SF;19;WAS;12;1;26.2;3;6;0.5;1.3;3.1;0.432;1.7;2.9;0.571;0.611;0.8;1.5;0.556;0.4;3.6;4;2;0.9;0.8;1.3;1.8;8.2
89;Robert Covington;SF-PF;33;TOT;12;6;17.6;1.5;3.8;0.391;0.6;2.3;0.25;0.9;1.5;0.611;0.467;0.8;0.8;0.9;1.2;1.7;2.8;1.1;1.7;0.5;0.3;1.8;4.3
89;Robert Covington;PF;33;LAC;3;3;23;1;3;0.333;0.7;2.7;0.25;0.3;0.3;1;0.444;0.3;0.7;0.5;0.7;2;2.7;2.3;2;0.7;0;2.3;3
89;Robert Covington;SF;33;PHI;9;3;15.8;1.7;4.1;0.405;0.6;2.2;0.25;1.1;1.9;0.588;0.473;0.9;0.9;1;1.3;1.6;2.9;0.7;1.6;0.4;0.3;1.7;4.8
90;Torrey Craig;SF;33;CHI;14;7;22.8;2.1;5;0.414;0.8;2.4;0.324;1.3;2.6;0.5;0.493;0.4;0.4;1;1.9;3.5;5.4;1.4;0.7;0.4;0.5;2.6;5.3
91;Jae Crowder;PF;33;MIL;9;2;26.7;2.8;5.2;0.532;1.8;3.4;0.516;1;1.8;0.563;0.702;0.8;1.3;0.583;0.4;3.4;3.9;1.7;0.8;0.3;0.4;1.6;8.1
92;Cade Cunningham;PG;22;DET;13;13;36;8.1;20;0.404;1.8;6.2;0.296;6.2;13.8;0.453;0.45;3.2;3.7;0.875;0.5;3.2;3.7;7.4;0.7;0.2;4.9;3.4;21.2
93;Seth Curry;SG;33;DAL;10;0;10.1;1.2;2.8;0.429;0.4;1.5;0.267;0.8;1.3;0.615;0.5;0.6;0.7;0.857;0.3;1;1.3;0.8;0.6;0.1;0.4;0.6;3.4
94;Stephen Curry;PG;35;GSW;12;12;33.2;9.4;19.7;0.479;5.6;12.5;0.447;3.8;7.2;0.535;0.621;5.8;6.3;0.933;0.8;4;4.8;3.8;0.9;0.2;3.6;1.6;30.3
95;Dyson Daniels;PG;20;NOP;13;6;27.7;3.5;7.5;0.474;1;2.9;0.342;2.5;4.5;0.559;0.541;0.8;1.5;0.579;1.2;3.9;5.1;3.8;1.5;0.4;1.5;2;8.9
96;Anthony Davis;C;30;LAL;12;12;35.9;8;15.6;0.513;0.3;0.8;0.3;7.8;14.8;0.525;0.521;5.3;6.1;0.877;3;8.8;11.8;3.3;0.8;3.5;2.1;3;21.6
97;Johnny Davis;SG;21;WAS;7;0;9.3;2;3.7;0.538;0.1;0.3;0.5;1.9;3.4;0.542;0.558;0.3;0.4;0.667;0.4;0.7;1.1;0.3;0.7;0.1;0.3;0.9;4.4
98;DeMar DeRozan;SF;34;CHI;13;13;35.4;7.5;17;0.443;0.8;2.3;0.367;6.7;14.7;0.455;0.468;5.5;6.8;0.809;1.1;2.1;3.2;4.3;1.1;0.9;1.2;2;21.5
99;Moussa Diabaté;C;22;LAC;6;0;7.5;1.3;2.3;0.571;0;0;0;1.3;2.3;0.571;0.571;0.8;1;0.833;1.7;0.8;2.5;0.7;0.3;0;0.3;0.7;3.5
100;Gradey Dick;SG;20;TOR;12;1;15.7;1.3;4.7;0.268;0.7;3;0.222;0.6;1.7;0.35;0.339;0.8;0.8;1;0.6;1;1.6;1.1;0.3;0;0.9;1.7;4
101;Ousmane Dieng;PF;20;OKC;10;0;11.3;1.3;3.4;0.382;0.7;2.5;0.28;0.6;0.9;0.667;0.485;0.3;0.4;0.75;0.5;1.5;2;0.9;0.1;0;0.4;0.6;3.6
102;Spencer Dinwiddie;PG;30;BRK;11;11;28.5;4;9.4;0.427;2.4;6.1;0.388;1.6;3.3;0.5;0.553;1.9;2.9;0.656;0.4;3.1;3.5;5.4;0.4;0.1;1.4;1.5;12.3
103;Donte DiVincenzo;SG;27;NYK;13;2;20.7;3.2;7.5;0.433;2;5;0.4;1.2;2.5;0.5;0.567;0.5;0.9;0.583;0.9;2.2;3.1;1.8;1;0.4;1.2;1.5;9
104;Luka Don?i?;PG;24;DAL;13;13;34.8;10.7;21;0.509;4.2;9.8;0.422;6.5;11.2;0.586;0.608;5.5;7.4;0.74;0.7;7.2;7.8;8.2;1;0.4;4.3;1.7;31
105;Luguentz Dort;SF;24;OKC;13;13;29.1;3.8;8.1;0.467;2;4.5;0.448;1.8;3.6;0.489;0.59;2.2;2.7;0.8;1.2;3.3;4.5;1.2;1.2;0.9;1;2.8;11.7
106;Ayo Dosunmu;SG;24;CHI;12;0;14.9;1.9;4;0.479;0.8;1.9;0.391;1.2;2.1;0.56;0.573;0.4;0.5;0.833;0.5;1;1.5;1.3;0.4;0.1;0.5;1.2;5
107;Andre Drummond;C;30;CHI;14;0;13.8;2.6;4.6;0.569;0;0.1;0;2.6;4.6;0.578;0.569;1.1;1.8;0.64;2.6;3.6;6.3;0.6;1.4;0.3;1.1;1.6;6.4
108;Chris Duarte;SF;26;SAC;11;0;13.4;1.5;4.1;0.356;0.8;2.5;0.321;0.6;1.5;0.412;0.456;0.7;1;0.727;0.1;1.3;1.4;0.9;0.6;0.1;0.6;2.8;4.5
109;Kris Dunn;PG;29;UTA;10;0;10.3;1.3;3.2;0.406;0.3;0.8;0.375;1;2.4;0.417;0.453;0.4;0.6;0.667;0.3;1.5;1.8;2;0.5;0;1.1;1.3;3.3
110;Kevin Durant;PF;35;PHO;12;12;36.3;10.6;20;0.529;2.2;4.3;0.5;8.4;15.7;0.537;0.583;7.4;8.6;0.864;0.4;6.8;7.2;5.1;0.8;1.1;3.7;1.7;30.8
111;Jalen Duren;C;20;DET;8;8;28.9;5.8;9.3;0.622;0;0.1;0;5.8;9.1;0.63;0.622;1.1;1.5;0.75;3.5;7.1;10.6;3.1;0.6;1.1;2.8;3.5;12.6
112;Tari Eason;PF;22;HOU;4;0;17.3;3.5;7.8;0.452;0.8;2;0.375;2.8;5.8;0.478;0.5;0;0.5;0;2;4.5;6.5;1;0.5;1.3;0.8;2;7.8
113;Anthony Edwards;SG;22;MIN;12;12;35;9.5;20.3;0.467;2.6;6.7;0.388;6.9;13.7;0.506;0.531;4.4;5.3;0.828;0.8;4.8;5.6;5.1;1.3;0.3;3.5;1.9;26
114;Kessler Edwards;SF;23;SAC;8;0;4.5;0.1;0.8;0.167;0.1;0.5;0.25;0;0.3;0;0.25;0.1;0.3;0.5;0;0.6;0.6;0.4;0.1;0.1;0.1;0.6;0.5
115;Keon Ellis;SG;24;SAC;8;2;12.5;1.3;3.3;0.385;0.6;2.5;0.25;0.6;0.8;0.833;0.481;0.8;1.4;0.545;0.4;1.1;1.5;1;0.8;0.5;0.8;1.1;3.9
116;Joel Embiid;C;29;PHI;12;12;34.3;10.7;21.1;0.506;1.1;3.5;0.31;9.6;17.6;0.545;0.532;9.5;10.8;0.884;3.3;7.8;11.1;6;1;1.6;3.8;2.7;31.9
117;Drew Eubanks;C;26;PHO;12;0;19;3.3;5;0.667;0.2;0.2;1;3.2;4.8;0.655;0.683;1.3;1.6;0.789;1.5;3.4;4.9;1.9;0.3;1.3;1.3;2.1;8.1
118;Dante Exum;PG;28;DAL;12;0;9.5;1.8;3.8;0.489;0.3;0.9;0.273;1.6;2.8;0.559;0.522;0.3;0.6;0.571;0.3;1.8;2.1;1.3;0.3;0.2;0.2;1.1;4.3
119;Bruno Fernando;C;25;ATL;3;0;2.3;0;0.3;0;0;0.3;0;0;0;0;0;0;0;0;0;0;0;0;0;0;0.7;0.7;0
120;Dorian Finney-Smith;PF;30;BRK;12;11;30.5;4.3;9.1;0.477;3;6.6;0.456;1.3;2.5;0.533;0.642;0.1;0.3;0.333;1.9;3.4;5.3;1.3;0.3;0.7;1.1;2.5;11.8
121;Malachi Flynn;PG;25;TOR;12;0;16.6;2;4.8;0.421;1;2.8;0.364;1;2;0.5;0.526;0.6;0.7;0.875;0.5;1.3;1.8;2.4;0.8;0.1;1.1;1.3;5.6
122;Simone Fontecchio;SF;28;UTA;10;0;11.2;1.9;3.9;0.487;1.1;2.7;0.407;0.8;1.2;0.667;0.628;0;0;0;0.6;1.2;1.8;0.4;0.2;0.2;0.9;1;4.9
123;Jordan Ford;PG;25;SAC;4;0;3;0.5;1.3;0.4;0.3;0.5;0.5;0.3;0.8;0.333;0.5;0.5;0.5;1;0;0.3;0.3;0.3;0;0;0;0;1.8
124;Trent Forrest;SG;25;ATL;2;0;9;0;0.5;0;0;0;0;0;0.5;0;0;1;1;1;0.5;0;0.5;2.5;0;0;0;0.5;1
125;Evan Fournier;SG;31;NYK;1;0;16;1;6;0.167;0;4;0;1;2;0.5;0.167;0;0;0;0;1;1;1;1;0;0;2;2
126;De'Aaron Fox;PG;26;SAC;6;6;36.8;11.5;22.7;0.507;3.2;8.3;0.38;8.3;14.3;0.581;0.577;6;8;0.75;1.2;3.5;4.7;6;1.7;0.5;2.2;3.2;32.2
127;Alex Fudge;SF;20;LAL;1;0;4;0;1;0;0;0;0;0;1;0;0;0;0;0;0;0;0;0;0;0;0;0;0
128;Markelle Fultz;PG;25;ORL;5;5;28.6;5.4;11.2;0.482;0;0.6;0;5.4;10.6;0.509;0.482;0.6;0.8;0.75;1.6;1.8;3.4;4;1.2;0.4;1.2;1.2;11.4
129;Daniel Gafford;C;25;WAS;10;10;23.6;3.5;4.8;0.729;0;0;0;3.5;4.8;0.729;0.729;1.6;2.5;0.64;2.5;4.7;7.2;1.1;0.6;2;1.4;3.3;8.6
130;Danilo Gallinari;PF;35;WAS;11;0;15.1;3;5.8;0.516;0.8;2.5;0.333;2.2;3.4;0.649;0.586;1.8;2.3;0.8;0.7;2.4;3.1;1.5;0.3;0.3;0.5;0.9;8.6
131;Darius Garland;PG;24;CLE;7;7;33.4;6.4;13.9;0.464;1.4;4.7;0.303;5;9.1;0.547;0.515;4.4;5.4;0.816;0.7;2.1;2.9;5.7;1.6;0.3;4.9;2;18.7
132;Luka Garza;C;25;MIN;3;0;3.7;1.3;3;0.444;0;0.3;0;1.3;2.7;0.5;0.444;1.3;2;0.667;1;0.7;1.7;0;0;0;0;1;4
133;Kaiser Gates;SF;27;NOP;1;0;7;0;4;0;0;2;0;0;2;0;0;0;0;0;0;1;1;0;0;0;0;0;0
134;Keyonte George;PG;20;UTA;12;4;23.5;2.9;7.4;0.393;1.4;4.3;0.327;1.5;3.1;0.486;0.489;1.3;1.7;0.8;0.3;2.2;2.5;4.9;0.4;0.2;1.8;1.1;8.6
135;Paul George;PF;33;LAC;11;11;34.6;8;17.4;0.461;3.3;8.4;0.391;4.7;9;0.525;0.555;5.3;5.6;0.935;0.5;5.2;5.7;3.5;2.4;0.2;3;2.7;24.5
136;Josh Giddey;SG;21;OKC;13;13;27.5;5.6;12.7;0.442;0.6;2;0.308;5;10.7;0.468;0.467;1.1;1.3;0.824;1.4;4.4;5.8;4.7;0.8;0.7;2.8;1.1;12.9
137;Harry Giles;C;25;BRK;1;0;6;3;3;1;1;1;1;2;2;1;1.167;0;0;0;0;1;1;0;0;0;1;1;7
138;Shai Gilgeous-Alexander;PG;25;OKC;12;12;34.9;11.3;21.5;0.523;1.4;4.1;0.347;9.8;17.4;0.565;0.556;5.8;6.3;0.921;0.8;5.8;6.5;6;2.6;0.8;2.3;2.3;29.8
139;Anthony Gill;PF;31;WAS;7;0;6.1;0.9;1.9;0.462;0;0.1;0;0.9;1.7;0.5;0.462;1.1;1.4;0.8;0.4;0.9;1.3;0.6;0.3;0.4;0.7;0.6;2.9
140;Collin Gillespie;PG;24;DEN;6;0;11.8;1.3;3;0.444;0.5;1.8;0.273;0.8;1.2;0.714;0.528;0.2;0.2;1;0;0.5;0.5;1.2;0.8;0;0.3;1.5;3.3
141;Jacob Gilyard;PG;25;MEM;9;4;16.7;1.6;3.2;0.483;1.4;3;0.481;0.1;0.2;0.5;0.707;0;0;0;0.4;1.2;1.7;3.1;0.8;0.1;0.6;1.3;4.6
142;Rudy Gobert;C;31;MIN;12;12;32.6;4.1;7.8;0.527;0;0;0;4.1;7.8;0.527;0.527;3.5;5.8;0.6;4;8.3;12.3;1.3;0.8;2.2;1.7;2.7;11.7
143;Jordan Goodwin;PG;25;PHO;12;0;17.8;2.2;6.7;0.325;1.3;3.6;0.349;0.9;3.1;0.297;0.419;0.8;1.1;0.769;0.9;2.8;3.7;2.2;1;0.4;0.8;1.3;6.4
144;Aaron Gordon;PF;28;DEN;12;12;33.2;6.1;10.9;0.557;0.6;2.2;0.269;5.5;8.8;0.629;0.584;1.5;2.8;0.529;2.1;5;7.1;3.8;1.2;1;1.9;2;14.3
145;Eric Gordon;SG;35;PHO;11;7;29.8;5.5;12.1;0.459;2.4;6.4;0.371;3.2;5.7;0.556;0.556;0.3;0.3;1;0.5;1.6;2.1;2.8;0.9;0.5;1.4;1.2;13.7
146;Devonte' Graham;PG;28;SAS;2;0;14.5;0.5;2.5;0.2;0;1.5;0;0.5;1;0.5;0.2;2;2.5;0.8;0.5;0.5;1;4;1;0.5;1;1;3
147;Jerami Grant;PF;29;POR;12;12;36.3;7.8;18.1;0.429;2.4;6.7;0.363;5.3;11.4;0.467;0.495;4.8;6;0.792;0.8;3.6;4.4;1.9;0.6;0.8;2.6;2.3;22.7
148;A.J. Green;SG;24;MIL;7;0;8.1;1.3;2.7;0.474;1;2.3;0.438;0.3;0.4;0.667;0.658;0.1;0.1;1;0;0.7;0.7;1;0;0;0;0.7;3.7
149;Danny Green;SG;36;PHI;2;0;9;0;1;0;0;0.5;0;0;0.5;0;0;0;0;0;0;1;1;0.5;0.5;0;0;0.5;0
150;Draymond Green;PF;33;GSW;9;9;22.2;3;6.2;0.482;1;2.2;0.45;2;4;0.5;0.563;1.8;2;0.889;1.4;3.7;5.1;5.7;0.7;0.6;1.8;2.4;8.8
151;Jalen Green;SG;21;HOU;10;10;32.2;5.9;14.7;0.401;1.9;5.1;0.373;4;9.6;0.417;0.466;5.4;6.8;0.794;0.4;4.2;4.6;2.9;0.6;0.4;2.3;1.7;19.1
152;Jeff Green;PF;37;HOU;10;0;15.2;2.2;3.9;0.564;0.4;1.2;0.333;1.8;2.7;0.667;0.615;1.7;2.4;0.708;1.2;1.9;3.1;0.6;0.2;0.2;0.6;1;6.5
153;Josh Green;SG;23;DAL;13;3;25.8;2.3;5.8;0.4;1.2;3.6;0.34;1.1;2.2;0.5;0.507;0.5;1.1;0.5;0.6;2.1;2.7;2.2;0.9;0.2;0.9;1.7;6.4
154;AJ Griffin;SF;20;ATL;7;0;9.1;1.1;2.4;0.471;0.9;2;0.429;0.3;0.4;0.667;0.647;0.3;0.3;1;0.1;0.6;0.7;0.3;0.1;0;0.6;0.6;3.4
155;Quentin Grimes;SG;23;NYK;11;11;24.7;2.9;6.8;0.427;2.3;5.7;0.397;0.6;1.1;0.583;0.593;0;0.1;0;0.1;1.3;1.4;1.1;0.7;0;0.6;1.7;8.1
156;Mouhamed Gueye;PF;21;ATL;2;0;2;0;0.5;0;0;0.5;0;0;0;0;0;0;0;0;0;0;0;0;0.5;0;0;0.5;0
157;Rui Hachimura;PF;25;LAL;9;1;21.4;4.4;7.7;0.58;1.3;2.7;0.5;3.1;5;0.622;0.667;1.9;2.4;0.773;0.8;2.9;3.7;0.9;1;0.3;0.9;1.3;12.1
158;Tyrese Haliburton;PG;23;IND;10;10;33.7;8.6;16.3;0.528;3.4;7.8;0.436;5.2;8.5;0.612;0.632;4.1;4.4;0.932;0.5;3.7;4.2;12.5;1.1;0.7;2.1;1.1;24.7
159;R.J. Hampton;PG;22;MIA;1;0;2;0;1;0;0;0;0;0;1;0;0;0;0;0;0;0;0;0;0;0;0;0;0
160;Tim Hardaway Jr.;SF;31;DAL;13;0;27.7;6.2;14.2;0.44;3.8;9.4;0.402;2.5;4.8;0.516;0.573;2.3;2.5;0.909;0.3;3.5;3.8;1.7;0.2;0;1;0.8;18.5
161;James Harden;SG;34;LAC;6;6;32.5;5.3;10.3;0.516;2;5.2;0.387;3.3;5.2;0.645;0.613;3.8;4;0.958;0.5;4.7;5.2;4.7;1;0.3;2.3;1;16.5
162;Jaden Hardy;SG;21;DAL;10;0;11.8;2.6;6.3;0.413;0.9;2.9;0.31;1.7;3.4;0.5;0.484;1.4;1.9;0.737;0.2;1.4;1.6;1.3;0.3;0;0.6;0.9;7.5
163;Gary Harris;SG;29;ORL;7;2;19.9;3.1;5.7;0.55;1.9;4;0.464;1.3;1.7;0.75;0.713;0.6;1;0.571;0.9;1.6;2.4;1.3;0.6;0.6;0.6;0.7;8.7
164;Joe Harris;SG;32;DET;7;0;14;1.3;3.6;0.36;0.9;2.7;0.316;0.4;0.9;0.5;0.48;0;0;0;0.3;0.7;1;0.9;0.3;0;0.4;1.7;3.4
165;Tobias Harris;PF;31;PHI;12;12;36.8;7.8;13.7;0.573;1.3;3.2;0.395;6.6;10.5;0.627;0.619;3.4;3.8;0.891;1;5.9;6.9;2.9;0.8;0.4;1.9;1.7;20.3
166;Josh Hart;SF;28;NYK;13;5;29.1;3;7.2;0.419;1;3.2;0.31;2;3.9;0.51;0.489;0.4;0.5;0.714;1.1;5.4;6.5;2.8;0.9;0.3;1;1.9;7.4
167;Isaiah Hartenstein;C;25;NYK;13;0;16.9;2.5;4.4;0.579;0.1;0.2;0.333;2.5;4.2;0.593;0.588;1.2;1.8;0.652;2.5;2.4;4.8;1;1.1;0.4;0.8;2.8;6.3
168;Sam Hauser;SF;26;BOS;12;1;21.1;3.3;6.7;0.488;2.8;6.1;0.452;0.5;0.6;0.857;0.694;0.3;0.3;1;0.6;2.6;3.2;0.8;0.6;0.4;0.3;1.6;9.6
169;Jordan Hawkins;SG;21;NOP;13;8;29.6;4.5;11.5;0.389;2.8;7.7;0.36;1.7;3.8;0.449;0.51;1.6;1.9;0.84;0.8;3.2;3.9;2.1;0.7;0;1.1;2.2;13.3
170;Jaxson Hayes;C;23;LAL;11;0;9.9;0.8;1.4;0.6;0;0;0;0.8;1.4;0.6;0.6;0.8;1.4;0.6;0.3;1;1.3;0.4;0.4;0.5;0.7;1.9;2.5
171;Killian Hayes;PG;22;DET;13;13;29.2;3.8;9.7;0.397;1.1;3.5;0.311;2.8;6.2;0.444;0.452;1.4;1.8;0.75;0.3;2.7;3;4.5;1.2;0.6;0.8;2.2;10.2
172;Gordon Hayward;SF;33;CHO;11;11;32.4;5.6;13.1;0.431;0.8;2.5;0.321;4.8;10.5;0.457;0.462;2.5;3.5;0.718;0.9;4;4.9;4.6;1.5;0.5;1.5;2.1;14.6
173;Scoot Henderson;PG;19;POR;5;5;28.4;3.6;10.4;0.346;0.4;4.2;0.095;3.2;6.2;0.516;0.365;1.2;1.4;0.857;0.6;1.6;2.2;4.6;0.6;0.2;4;4;8.8
174;Taylor Hendricks;PF;20;UTA;1;0;2;0;0;0;0;0;0;0;0;0;0;1;2;0.5;0;1;1;0;0;0;0;0;1
175;Tyler Herro;SG;24;MIA;8;8;34;8.5;19;0.447;3.1;7.6;0.41;5.4;11.4;0.473;0.53;2.8;3.1;0.88;0.4;4.6;5;4.6;1.4;0;2.5;1.6;22.9
176;Buddy Hield;SF;31;IND;11;0;23.5;4.5;11.1;0.41;2.9;7.8;0.372;1.6;3.3;0.5;0.541;0.1;0.2;0.5;0.6;2.6;3.3;2.8;0.6;0.6;1.8;1.4;12.1
177;Haywood Highsmith;PF;27;MIA;9;8;25.9;2.6;6.2;0.411;1.1;3.9;0.286;1.4;2.3;0.619;0.5;1;1.2;0.818;0.7;2.1;2.8;1.2;1.4;0.9;1;1.9;7.2
178;Nate Hinton;SG;24;HOU;2;0;4;1;2;0.5;1;1;1;0;1;0;0.75;0;0;0;0;0;0;0;0;0;0;0.5;3
179;D'Moi Hodge;SG;25;LAL;3;0;5.3;0.3;1.7;0.2;0;1.3;0;0.3;0.3;1;0.2;0.3;0.7;0.5;0;0;0;0.3;0;0.3;0.3;0.7;1
180;Aaron Holiday;PG;27;HOU;8;0;15.9;2;4.6;0.432;0.8;2.1;0.353;1.3;2.5;0.5;0.514;0.4;0.4;1;0.1;1.4;1.5;1.4;0.4;0;0.5;1.1;5.1
181;Jrue Holiday;PG;33;BOS;12;12;34.2;5.3;11.9;0.441;1.7;4.8;0.351;3.6;7.2;0.5;0.51;1.3;1.5;0.833;2;5.6;7.6;5.3;0.6;1;1.8;1.6;13.4
182;Justin Holiday;SG;34;DEN;4;0;4.8;0.5;1;0.5;0.5;1;0.5;0;0;0;0.75;0;0;0;0;1;1;0.3;0;0;0;0.3;1.5
183;Richaun Holmes;C;30;DAL;4;0;6.3;1.3;2.5;0.5;0;0;0;1.3;2.5;0.5;0.5;0;0;0;1.3;1.5;2.8;0.3;0;0;0.8;1.3;2.5
184;Chet Holmgren;C;21;OKC;13;13;30.3;5.9;10.8;0.546;1.6;3.7;0.438;4.3;7.2;0.602;0.621;3.6;4;0.904;1.6;6.3;7.9;2.8;1;2.2;2.3;3;17.1
185;Al Horford;C;37;BOS;11;3;24.3;2.5;5.5;0.443;1.2;3.5;0.342;1.3;2.1;0.609;0.549;0.2;0.2;1;1.7;4.3;6;2.2;0.5;0.9;1;1.5;6.3
186;Talen Horton-Tucker;PG;23;UTA;12;8;22.8;3.7;9.2;0.4;1.2;3.5;0.333;2.5;5.7;0.441;0.464;0.9;1.1;0.846;0.6;2.6;3.2;4.9;0.9;0.6;2.3;2.3;9.4
187;Danuel House Jr.;SF;30;PHI;7;0;12;1.3;2.4;0.529;0.3;1.3;0.222;1;1.1;0.875;0.588;0.7;0.9;0.833;0.3;1;1.3;0.4;0.1;0.1;1;0.7;3.6
188;Caleb Houstan;SF;21;ORL;6;0;6;1;1.8;0.545;0.8;1.7;0.5;0.2;0.2;1;0.773;0.2;0.2;1;0;0.8;0.8;0.2;0;0;0;0.3;3
189;Jett Howard;SF;20;ORL;4;0;4;0.3;2;0.125;0;1.5;0;0.3;0.5;0.5;0.125;0;0;0;0.3;0.3;0.5;0.3;0;0;0;0;0.5
190;Kevin Huerter;SG;25;SAC;11;11;28.1;5;11.2;0.447;2.6;6.9;0.382;2.4;4.3;0.553;0.565;0.9;1.1;0.833;0.6;4;4.6;2.9;1.2;0.4;1;2.4;13.5
191;De'Andre Hunter;SF;26;ATL;12;12;29.5;4.5;10.2;0.443;1.6;4.6;0.345;2.9;5.6;0.522;0.52;2.3;2.8;0.794;0.6;3.1;3.7;1.5;0.8;0.3;1.3;3.1;12.8
192;Bones Hyland;PG;23;LAC;8;2;23.5;4.4;10;0.438;1.9;5.3;0.357;2.5;4.8;0.526;0.531;1.1;1.3;0.9;0.3;1.4;1.6;2.9;0.8;0;2;2.6;11.8
193;Joe Ingles;SF;36;ORL;12;0;19.4;1.3;3.8;0.326;0.9;2.8;0.324;0.3;1;0.333;0.446;0.3;0.4;0.8;0.5;1.9;2.4;3.1;0.8;0.2;0.8;1.3;3.8
194;Brandon Ingram;SF;26;NOP;10;10;34.4;9.6;19.6;0.49;1.1;4.8;0.229;8.5;14.8;0.574;0.518;3.1;4.1;0.756;0.8;4.8;5.6;5.2;0.7;0.2;3.1;1.7;23.4
195;Kyrie Irving;SG;31;DAL;10;10;32.9;9;19;0.474;2.8;7.2;0.389;6.2;11.8;0.525;0.547;3.2;3.7;0.865;0.8;3.3;4.1;6.6;1.2;0.4;1.7;2;24
196;Jonathan Isaac;PF;26;ORL;10;0;13.8;2;5.2;0.385;0.8;2.9;0.276;1.2;2.3;0.522;0.462;1.6;1.9;0.842;1;3.3;4.3;0.4;1;1.4;0.7;1.5;6.4
197;Jaden Ivey;SG;21;DET;9;0;20.7;4;7.8;0.514;1.2;3.1;0.393;2.8;4.7;0.595;0.593;1.8;2.2;0.8;0.9;1.6;2.4;2.8;0.8;0.3;2.2;2.7;11
198;Andre Jackson Jr.;SG;22;MIL;9;2;9.4;0.8;1.4;0.538;0.3;0.8;0.429;0.4;0.7;0.667;0.654;0;0;0;0.7;0.9;1.6;1;0.3;0;0.7;1.8;1.9
199;Gregory Jackson II;PF;19;MEM;1;0;1;0;0;0;0;0;0;0;0;0;0;0;0;0;0;0;0;0;0;0;0;0;0
200;Isaiah Jackson;C;22;IND;5;0;14.6;2;3.6;0.556;0;0;0;2;3.6;0.556;0.556;1.6;2.6;0.615;1.8;2.6;4.4;0.8;0.2;1.8;0.4;3;5.6
201;Jaren Jackson Jr.;C;24;MEM;12;12;30.4;6.8;15.7;0.431;1.7;5.3;0.313;5.1;10.3;0.492;0.484;4.8;5.8;0.841;1.8;4.2;6;2.1;0.4;1.7;1.8;3.2;20
202;Reggie Jackson;PG;33;DEN;12;5;24.8;4.4;9.5;0.465;1.4;4.1;0.347;3;5.4;0.554;0.539;0.8;1.3;0.6;0.2;1.8;1.9;3.6;0.8;0.3;1.4;1.7;11
203;Trayce Jackson-Davis;PF;23;GSW;10;0;7.8;1;1.8;0.556;0;0;0;1;1.8;0.556;0.556;1.1;1.8;0.611;0.9;1;1.9;0.6;0.1;0.6;0.4;1.4;3.1
204;LeBron James;PF;39;LAL;12;12;33.9;9.6;16.8;0.572;2.3;5.7;0.397;7.3;11.1;0.662;0.639;4.1;6;0.681;0.6;7.8;8.3;6.3;1.6;0.8;4.2;1.6;25.5
205;Jaime Jaquez Jr.;SF;22;MIA;13;3;24.1;3.7;7.5;0.495;0.9;2.9;0.316;2.8;4.5;0.61;0.557;0.6;0.8;0.8;1.1;2.3;3.4;2.2;1;0.2;1.3;2.4;8.9
206;DaQuan Jeffries;SG;26;NYK;5;0;3;0.6;1;0.6;0.2;0.6;0.333;0.4;0.4;1;0.7;0;0;0;0;0.4;0.4;0.2;0;0;0.2;0.2;1.4
207;Ty Jerome;SG;26;CLE;2;0;7.5;1;2;0.5;0;0.5;0;1;1.5;0.667;0.5;0;0;0;0.5;0;0.5;1.5;0;0;0.5;1;2
208;Isaiah Joe;SG;24;OKC;13;0;20.1;3.2;7.1;0.446;2.6;5.5;0.472;0.5;1.5;0.35;0.63;1;1.3;0.765;0.1;2.2;2.3;1.2;0.8;0.2;0.6;1.3;9.9
209;Cameron Johnson;PF;27;BRK;5;5;28.6;5.2;12;0.433;2.4;6.8;0.353;2.8;5.2;0.538;0.533;1.8;2.2;0.818;1.2;3.8;5;1.8;1.2;0;1.6;2;14.6
210;Jalen Johnson;SF;22;ATL;12;9;30.6;6.1;10;0.608;1.3;2.8;0.441;4.8;7.2;0.674;0.671;1.6;2.2;0.731;1.5;6.4;7.9;2.2;0.9;1;2;2.3;15
211;Keldon Johnson;SF;24;SAS;12;12;32.7;6.3;13.8;0.452;2.1;5.6;0.373;4.2;8.3;0.505;0.527;1.8;2.5;0.7;0.7;5.4;6.1;4.3;0.8;0.3;1.3;2.6;16.3
212;Keyontae Johnson;SF;23;OKC;1;0;6;0;1;0;0;0;0;0;1;0;0;0;0;0;0;0;0;0;0;0;0;0;0
213;Nikola Joki?;C;28;DEN;12;12;34.8;11.5;20.1;0.573;1.5;5;0.3;10;15.1;0.663;0.61;5.2;6.3;0.816;3.3;10.8;14.1;9.2;1;0.8;3.5;2.2;29.7
214;Colby Jones;SG;21;SAC;6;0;8.5;1.3;2.8;0.471;0.2;0.7;0.25;1.2;2.2;0.538;0.5;0.3;0.3;1;0.8;1.2;2;0.3;0.2;0.2;0.5;0.8;3.2
215;Damian Jones;C;28;CLE;8;0;4.5;0.4;0.4;1;0;0;0;0.4;0.4;1;1;0.1;0.3;0.5;0.3;0.6;0.9;0.3;0;0.1;0.3;0.4;0.9
216;Derrick Jones Jr.;SF;26;DAL;13;13;22.2;3.3;6.8;0.483;1.4;3.9;0.353;1.9;2.9;0.658;0.584;0.9;1.3;0.706;1;2.8;3.8;1.2;0.5;0.7;1.1;1.3;8.9
217;Herbert Jones;SF;25;NOP;10;10;31.3;3.6;7.4;0.486;1.1;3.2;0.344;2.5;4.2;0.595;0.561;2.7;3;0.9;0.6;3.4;4;2.8;2.1;1.6;1.2;3.7;11
218;Tre Jones;PG;24;SAS;10;0;25.3;3;6.9;0.435;0.5;2.1;0.238;2.5;4.8;0.521;0.471;1.6;1.8;0.889;0.7;2.2;2.9;5.7;0.7;0.4;1.4;1.3;8.1
219;Tyus Jones;PG;27;WAS;12;12;26.7;4.1;8.8;0.467;1.3;3.3;0.375;2.8;5.4;0.523;0.538;0.3;0.5;0.667;0.3;2.3;2.7;4.8;0.9;0.2;0.8;1.1;9.8
220;DeAndre Jordan;C;35;DEN;1;0;12;0;0;0;0;0;0;0;0;0;0;1;2;0.5;1;0;1;1;0;0;1;2;1
221;Cory Joseph;PG;32;GSW;6;0;7.8;0.7;2.7;0.25;0.7;2;0.333;0;0.7;0;0.375;0;0.2;0;0.3;0.3;0.7;1.5;0.2;0.2;0.7;0.7;2
222;Nikola Jovi?;PF;20;MIA;2;1;14;2;4;0.5;1.5;2.5;0.6;0.5;1.5;0.333;0.688;1;1;1;0;7.5;7.5;2;0.5;0;1;1;6.5
223;Luke Kennard;SG;27;MEM;8;0;21.5;2.6;7.3;0.362;2.1;5.8;0.37;0.5;1.5;0.333;0.509;0.9;0.9;1;0.4;2.5;2.9;2;0.6;0.1;0.6;0.5;8.3
224;Walker Kessler;C;22;UTA;8;8;24;3.5;6.4;0.549;0.3;0.8;0.333;3.3;5.6;0.578;0.569;1;1.6;0.615;3.4;4.5;7.9;0.3;0;2.1;1;2.1;8.3
225;Braxton Key;SF;26;DEN;4;0;2.5;0.3;1;0.25;0;0.3;0;0.3;0.8;0.333;0.25;0;0;0;0;0.3;0.3;0.8;0;0;0;0.5;0.5
226;Corey Kispert;SF;24;WAS;11;0;22.7;3.4;7.4;0.457;1.8;4.9;0.37;1.5;2.5;0.63;0.58;1.6;2;0.818;0.6;1.8;2.5;1.6;0.4;0;1.1;1.6;10.2
227;Maxi Kleber;C;32;DAL;5;1;18;0.8;3.2;0.25;0.6;1.8;0.333;0.2;1.4;0.143;0.344;1.2;2;0.6;0.8;3.4;4.2;2;0.2;0.2;0.8;1.6;3.4
228;Kevin Knox;SF;24;DET;3;1;27.7;5.7;8.7;0.654;2.3;4.3;0.538;3.3;4.3;0.769;0.788;0;0;0;1.3;4.3;5.7;1;1;0.3;0.7;2.7;13.7
229;John Konchar;SF;27;MEM;9;1;18.6;1.6;3.6;0.438;0.9;2.2;0.4;0.7;1.3;0.5;0.563;0;0;0;0.9;3.1;4;1.8;0.8;0.7;0.3;1;4
230;Furkan Korkmaz;SG;26;PHI;9;0;7.9;0.8;1.9;0.412;0.3;0.8;0.429;0.4;1.1;0.4;0.5;0.3;0.6;0.6;0.1;0.6;0.7;0.3;0.6;0;0.7;0.3;2.2
231;Luke Kornet;C;28;BOS;9;0;11.6;1.7;2.1;0.789;0;0;0;1.7;2.1;0.789;0.789;0.7;0.9;0.75;1.3;2.2;3.6;0.7;0.4;0.2;0.3;1.1;4
232;Jonathan Kuminga;PF;21;GSW;13;1;20.6;4.3;9.9;0.434;0.4;2.2;0.172;3.9;7.7;0.51;0.453;3.3;4.5;0.741;1;2.3;3.3;0.8;0.6;0.5;1.5;2.5;12.3
233;Kyle Kuzma;PF;28;WAS;12;12;30.4;9.2;19.8;0.464;2.4;6.8;0.354;6.8;12.9;0.523;0.525;2.8;3.5;0.786;1.2;4.8;5.9;3.2;0.2;0.4;2.2;1.8;23.5
234;Jock Landale;C;28;HOU;8;0;10.5;0.8;2.5;0.3;0.3;1.1;0.222;0.5;1.4;0.364;0.35;0.3;0.3;1;1;1.4;2.4;0.9;0.4;0.3;0.8;0.8;2
235;Jake LaRavia;PF;22;MEM;5;0;12.2;1.4;4;0.35;0.4;2.4;0.167;1;1.6;0.625;0.4;0.2;0.4;0.5;0.6;1;1.6;0.4;0.2;0;0.4;1.6;3.4
236;Zach LaVine;SG;28;CHI;14;14;35.6;7.3;17.1;0.427;2.6;7.6;0.34;4.7;9.5;0.496;0.502;4.8;5.5;0.87;0.4;4.9;5.2;3.2;1;0.3;2.1;2.1;21.9
237;Saben Lee;PG;24;PHO;3;0;3.3;1;2;0.5;0;0.3;0;1;1.7;0.6;0.5;0;0;0;0.7;0.3;1;1;0;0.3;0;0.3;2
238;Alex Len;C;30;SAC;6;0;6.8;1;1.3;0.75;0;0.2;0;1;1.2;0.857;0.75;0.5;1.2;0.429;1.2;1.5;2.7;0.8;0.2;0.8;0.3;0.3;2.5
239;Kawhi Leonard;SF;32;LAC;11;11;34.2;7.7;16.7;0.462;2.5;5.9;0.431;5.2;10.8;0.479;0.538;3;3.8;0.786;1.1;4.4;5.5;3.5;2;0.5;1.8;1.8;21
240;Caris LeVert;SG;29;CLE;11;1;33.1;6.5;15.4;0.42;1.9;6.1;0.313;4.5;9.3;0.49;0.482;3.2;4.4;0.729;0.5;3.8;4.4;3.8;1.3;0.5;1.3;1.8;18
241;Kira Lewis Jr.;PG;22;NOP;10;0;11.5;1.3;4;0.325;0.1;1.3;0.077;1.2;2.7;0.444;0.338;0.8;0.9;0.889;0.3;0.7;1;1.6;0.4;0.1;0.5;0.7;3.5
242;Maxwell Lewis;SF;21;LAL;6;0;3.5;0;0.5;0;0;0;0;0;0.5;0;0;0;0;0;0;0.2;0.2;0;0;0;0.3;0;0
243;E.J. Liddell;PF;23;NOP;3;0;3;0.3;1.3;0.25;0;1;0;0.3;0.3;1;0.25;0.7;0.7;1;0;0.7;0.7;0;0;0.3;0.3;0.3;1.3
244;Damian Lillard;PG;33;MIL;11;11;33.4;6.5;16.5;0.398;2.8;8.9;0.316;3.7;7.5;0.494;0.483;8.9;9.5;0.933;0.5;3.6;4.2;6.2;1.1;0.1;2.7;1.3;24.8
245;Nassir Little;PF;23;PHO;7;0;10.4;1.3;2.6;0.5;0.6;1.7;0.333;0.7;0.9;0.833;0.611;0.6;0.6;1;0.1;1;1.1;0.3;0.7;0.1;0.3;1.3;3.7
246;Dereck Lively II;C;19;DAL;12;11;24.1;3.8;5.3;0.73;0;0.2;0;3.8;5.1;0.754;0.73;1.2;1.8;0.636;2.8;4.6;7.3;1.3;0.6;1.1;1.1;3.6;8.8
247;Chris Livingston;SF;20;MIL;2;0;4.5;1;1;1;0.5;0.5;1;0.5;0.5;1;1.25;0;0;0;0;0;0;0.5;0;0;0;0;2.5
248;Kenneth Lofton Jr.;PF;21;MEM;8;0;8.9;1;2.6;0.381;0.3;0.8;0.333;0.8;1.9;0.4;0.429;0.4;1.3;0.3;0.3;1;1.3;1.1;0.3;0.3;0.5;1.8;2.6
249;Kevon Looney;C;27;GSW;14;12;24.4;2.7;4.4;0.613;0;0;0;2.7;4.4;0.613;0.613;0.6;0.9;0.75;3.7;6;9.7;2.9;0.8;0.4;1;2.7;6.1
250;Brook Lopez;C;35;MIL;13;13;27.9;3.8;8.6;0.438;1.6;4.8;0.339;2.2;3.8;0.56;0.531;1.1;1.4;0.778;1.2;3.5;4.6;1;0.8;2.8;0.9;2.2;10.2
251;Robin Lopez;C;35;MIL;2;0;4;0;0;0;0;0;0;0;0;0;0;1;1;1;0;0;0;0.5;0;0;0.5;0;1
252;Kevin Love;PF;35;MIA;8;3;17;2.1;6.3;0.34;1.4;4.9;0.282;0.8;1.4;0.545;0.45;1.8;2.3;0.778;0.8;5.3;6;2;0.1;0;0.5;1.8;7.4
253;Kyle Lowry;PG;37;MIA;12;12;29.3;2.3;5.8;0.391;1.8;4.2;0.42;0.5;1.6;0.316;0.543;0.7;0.7;1;0.8;3.2;4;4.7;1.5;0.3;1.6;2.8;6.9
254;Théo Maledon;PG;22;CHO;11;1;17.5;1.7;5.8;0.297;0.5;2.6;0.172;1.3;3.2;0.4;0.336;1;1.1;0.917;0.4;1.7;2.1;2.1;0.6;0;1.4;1.5;4.9
255;Sandro Mamukelashvili;C;24;SAS;5;0;8.4;1;2.4;0.417;0.2;1;0.2;0.8;1.4;0.571;0.458;1;1.2;0.833;1;1.4;2.4;1;0.2;0.2;0.6;1.2;3.2
256;Terance Mann;SG;27;LAC;5;1;25;1.6;4.2;0.381;0.4;2;0.2;1.2;2.2;0.545;0.429;0.2;0.4;0.5;1.8;3.2;5;3;0.2;0.2;0.8;2.6;3.8
257;Tre Mann;PG;22;OKC;4;0;5;1.8;2.8;0.636;0.5;1.3;0.4;1.3;1.5;0.833;0.727;0.3;0.3;1;0.3;1.3;1.5;1;0.3;0;0.5;0;4.3
258;Boban Marjanovi?;C;35;HOU;3;0;6.7;1.7;3;0.556;0;0.3;0;1.7;2.7;0.625;0.556;0;0.3;0;0.7;2;2.7;1;0;0.3;0;0.7;3.3
259;Lauri Markkanen;PF;26;UTA;12;12;33.8;7.8;16.4;0.477;3.7;8.8;0.419;4.2;7.7;0.543;0.589;4.3;5;0.867;2.1;6;8.1;1.3;0.9;0.9;1.4;2.3;23.7
260;Naji Marshall;SF;26;NOP;4;0;19.3;3.3;5.5;0.591;1.8;3;0.583;1.5;2.5;0.6;0.75;2.5;2.8;0.909;0.8;2.3;3;1.5;0.8;0.5;1.8;1.5;10.8
261;Caleb Martin;SF;28;MIA;3;0;15.7;1.7;6.7;0.25;1;3.3;0.3;0.7;3.3;0.2;0.325;0;0;0;1;1;2;1;0.7;0;0.7;1.3;4.3
262;KJ Martin;SF;23;TOT;6;0;6.5;0.7;1.8;0.364;0.2;0.8;0.2;0.5;1;0.5;0.409;0.2;0.3;0.5;0.2;0.5;0.7;0.3;0.3;0.2;0.5;0.8;1.7
262;KJ Martin;SF;23;LAC;2;0;15.5;2;5;0.4;0.5;2.5;0.2;1.5;2.5;0.6;0.45;0.5;1;0.5;0.5;1;1.5;0.5;1;0.5;1;1.5;5
262;KJ Martin;SF;23;PHI;4;0;2;0;0.3;0;0;0;0;0;0.3;0;0;0;0;0;0;0.3;0.3;0.3;0;0;0.3;0.5;0
263;Garrison Mathews;SG;27;ATL;3;0;3;0.3;1;0.333;0.3;1;0.333;0;0;0;0.5;0;0;0;0;0.7;0.7;0;0;0;0;0.3;1
264;Bennedict Mathurin;SF;21;IND;11;11;24.7;4.8;11.3;0.427;1.3;3.9;0.326;3.5;7.4;0.481;0.484;2;2.6;0.759;1.5;2.5;4.1;2.3;0.7;0.2;1.5;1.3;12.9
265;Wesley Matthews;SG;37;ATL;3;0;9.3;1;1.7;0.6;1;1.7;0.6;0;0;0;0.9;1;2;0.5;0.7;1;1.7;0.3;0.3;0;0.3;2.3;4
266;Tyrese Maxey;PG;23;PHI;12;12;38.3;9.4;19.6;0.481;3.3;7.5;0.433;6.2;12.1;0.51;0.564;4.8;5.1;0.951;0.7;4.3;5;6.8;0.9;0.8;1.5;1.9;26.9
267;Skylar Mays;PG;26;POR;11;4;20;3.4;8.3;0.407;0.7;2.9;0.25;2.6;5.4;0.492;0.451;0.9;1;0.909;0.4;1.5;1.8;4.8;0.8;0.2;1;1.5;8.4
268;Miles McBride;PG;23;NYK;10;0;5;0.8;1.7;0.471;0.4;1.3;0.308;0.4;0.4;1;0.588;0.1;0.2;0.5;0.1;0.2;0.3;0.2;0.4;0;0;0.7;2.1
269;CJ McCollum;PG;32;NOP;6;6;34.3;7.3;16.7;0.44;3.2;8.3;0.38;4.2;8.3;0.5;0.535;3.8;5.2;0.742;0.8;4;4.8;5.7;1.5;0.8;1.3;2.3;21.7
270;T.J. McConnell;PG;31;IND;7;0;13.7;3.1;5.3;0.595;0;0.4;0;3.1;4.9;0.647;0.595;1.3;1.3;1;0.6;2;2.6;3.3;0.9;0.1;0.7;1.3;7.6
271;Jaden McDaniels;SF;23;MIN;10;10;25.6;4.4;7.7;0.571;1.1;2.9;0.379;3.3;4.8;0.688;0.643;0.2;0.2;1;0.7;1.6;2.3;1.4;0.6;0.4;1;3.6;10.1
272;Jalen McDaniels;SF;26;TOR;10;0;9.4;0.7;3.2;0.219;0.2;1.6;0.125;0.5;1.6;0.313;0.25;0;0;0;0.1;1.1;1.2;0.5;0.3;0.2;0.2;0.6;1.6
273;Doug McDermott;SF;32;SAS;13;0;17.2;2.5;5.1;0.5;1.9;3.8;0.51;0.6;1.3;0.471;0.689;0.3;0.5;0.667;0.2;0.9;1.1;1.8;0.2;0.1;0.7;1.5;7.3
274;JaVale McGee;C;36;SAC;9;0;11.1;3;4.4;0.675;0;0.1;0;3;4.3;0.692;0.675;0.7;1;0.667;1.3;2;3.3;0.4;0.3;0.3;1;1.1;6.7
275;Bryce McGowens;SG;21;CHO;7;0;15.9;1;2.7;0.368;0.6;1.7;0.333;0.4;1;0.429;0.474;0.9;1.1;0.75;0.1;1.7;1.9;0.7;0.4;0;0.6;1.6;3.4
276;Jordan McLaughlin;PG;27;MIN;5;0;3.8;0.2;0.8;0.25;0.2;0.4;0.5;0;0.4;0;0.375;0.4;0.4;1;0;0;0;1;0;0.4;0;0.4;1
277;De'Anthony Melton;SG;25;PHI;12;12;29.4;3.6;9.4;0.381;2.2;5.2;0.419;1.4;4.3;0.333;0.496;1.8;2.3;0.75;0.6;3.2;3.8;4;1.3;0.3;1.3;2.5;11.1
278;Sam Merrill;SG;27;CLE;6;0;4.3;0.3;1.2;0.286;0.3;1;0.333;0;0.2;0;0.429;0;0;0;0.2;0.3;0.5;0.5;0.3;0;0.2;0;1
279;Chimezie Metu;C;26;PHO;5;0;2.6;0.6;1.6;0.375;0;0.6;0;0.6;1;0.6;0.375;0.4;0.4;1;0;0.8;0.8;0.2;0;0.2;0.4;0.4;1.6
280;Vasilije Mici?;PG;30;OKC;6;0;13.5;1.3;3.2;0.421;0.8;1.8;0.455;0.5;1.3;0.375;0.553;0.7;1;0.667;0;0.7;0.7;3.2;0.2;0;1;1;4.2
281;Khris Middleton;SF;32;MIL;10;10;19.3;4.4;9;0.489;1.3;4;0.325;3.1;5;0.62;0.561;1.3;1.6;0.813;0.7;3.2;3.9;3.5;0.8;0.1;1.7;1.6;11.4
282;Brandon Miller;SF;21;CHO;11;6;29.2;5.4;11.5;0.468;1.4;4.2;0.326;4;7.3;0.55;0.528;1.9;2.5;0.778;1.4;2.7;4.1;1.7;0.5;0.5;1;3.1;14
283;Jordan Miller;SF;24;LAC;2;0;3.5;1;1.5;0.667;0.5;0.5;1;0.5;1;0.5;0.833;0;0;0;0;0;0;0;0;0;0;1;2.5
284;Leonard Miller;SF;20;MIN;1;0;2;0;1;0;0;0;0;0;1;0;0;0;0;0;0;1;1;0;0;0;0;0;0
285;Shake Milton;SG;27;MIN;12;0;15.7;1.8;4.7;0.393;0.5;1.9;0.261;1.3;2.8;0.485;0.446;1.3;1.6;0.789;0.3;1.8;2;1.2;0.7;0.1;1.1;1.8;5.4
286;Justin Minaya;SF;24;POR;4;0;4.3;0;0;0;0;0;0;0;0;0;0;0;0;0;0.5;0.3;0.8;0;0;0;0.3;0.3;0
287;Josh Minott;SF;21;MIN;6;0;3;0.7;1.5;0.444;0;0.7;0;0.7;0.8;0.8;0.444;0.3;0.7;0.5;0.2;0;0.2;0.2;0;0.2;0;0.3;1.7
288;Davion Mitchell;PG;25;SAC;8;3;21;2.4;6.4;0.373;1.3;3.8;0.333;1.1;2.6;0.429;0.471;0.1;0.1;1;0.1;1.5;1.6;2.8;0.5;0.3;1;2.4;6.1
289;Donovan Mitchell;SG;27;CLE;10;10;36.2;10.5;21.6;0.486;3.5;8.9;0.393;7;12.7;0.551;0.567;4.7;5.3;0.887;0.9;4;4.9;5.3;2;0.6;2.6;2.3;29.2
290;Evan Mobley;PF;22;CLE;12;12;32.9;6.9;12.7;0.546;0.1;0.6;0.143;6.8;12.1;0.566;0.549;2.8;3.8;0.717;3.2;7.3;10.4;3.1;0.8;1.8;2.1;2.8;16.7
291;Isaiah Mobley;PF;24;CLE;1;0;1;0;0;0;0;0;0;0;0;0;0;0;0;0;0;1;1;0;0;0;0;1;0
292;Malik Monk;SG;25;SAC;11;0;23.7;4.3;10.5;0.405;2.4;6;0.394;1.9;4.5;0.42;0.517;2.8;3.4;0.838;0.8;2.3;3.1;5.6;0.5;0.6;2.2;1.7;13.7
293;Moses Moody;SG;21;GSW;14;1;17.4;2.6;5.9;0.451;1.1;3.4;0.34;1.5;2.5;0.6;0.549;1;1.3;0.778;0.9;2.1;3;1.1;1;0.3;0.6;1;7.4
294;Marcus Morris;PF;34;PHI;5;0;8.2;0.4;1.8;0.222;0;0.8;0;0.4;1;0.4;0.222;0.2;0.2;1;0;1.2;1.2;0.2;0;0.2;0.2;0.8;1
295;Markieff Morris;PF;34;DAL;1;0;4;0;2;0;0;2;0;0;0;0;0;0;0;0;0;1;1;0;0;0;0;0;0
296;Dejounte Murray;SG;27;ATL;12;12;34.5;8;16.5;0.485;2.3;5.8;0.391;5.8;10.8;0.535;0.553;3;3.7;0.818;0.5;3.8;4.3;5.4;1.4;0.3;2.6;1.4;21.3
297;Jamal Murray;PG;26;DEN;7;7;30.9;6;13.9;0.433;2;4.6;0.438;4;9.3;0.431;0.505;2.3;2.7;0.842;0.4;2.1;2.6;7.4;0.3;0.7;2.3;1.9;16.3
298;Keegan Murray;SF;23;SAC;11;11;34.6;5.1;13.4;0.381;2.2;7.7;0.282;2.9;5.6;0.516;0.463;1.3;1.5;0.824;1.7;5;6.7;2;1.5;0.6;1.3;2.2;13.6
299;Kris Murray;SF;23;POR;7;0;7;0.3;1.3;0.222;0.1;0.9;0.167;0.1;0.4;0.333;0.278;0;0;0;0.1;0.4;0.6;0.4;0.4;0.1;0;0.7;0.7
300;Mike Muscala;C;32;WAS;6;1;10.7;1;2.7;0.375;0.3;1.3;0.25;0.7;1.3;0.5;0.438;0.7;0.7;1;0.3;1.8;2.2;0.7;0.2;0.2;1;1.2;3
301;Svi Mykhailiuk;SF;26;BOS;6;0;8;0.8;2.5;0.333;0.5;2;0.25;0.3;0.5;0.667;0.433;0;0;0;0.2;0.7;0.8;0.2;0.3;0;0.7;0.7;2.2
302;Larry Nance Jr.;C;31;NOP;10;0;15.7;1.6;3.3;0.485;0.3;0.9;0.333;1.3;2.4;0.542;0.53;0.3;0.6;0.5;1.3;3.1;4.4;0.8;0.5;0.1;0.9;1.4;3.8
303;Andrew Nembhard;PG;24;IND;11;1;18.4;3.3;6.8;0.48;0.7;2.5;0.286;2.5;4.3;0.596;0.533;0.3;0.4;0.75;0.4;1.5;1.8;4;0.8;0;1.5;1.9;7.5
304;Aaron Nesmith;SF;24;IND;11;0;23.9;4;7.8;0.512;2.1;4.5;0.46;1.9;3.3;0.583;0.645;1.1;1.7;0.632;0.9;2.6;3.5;1.2;0.8;0.6;0.5;3;11.2
305;Georges Niang;PF;30;CLE;12;1;22.7;2.4;6.5;0.372;1.3;4.2;0.3;1.2;2.3;0.5;0.468;0.5;0.5;1;0.3;3.6;3.9;1;0.2;0.2;0.6;2.3;6.6
306;Daishen Nix;PG;21;MIN;3;0;2.3;0.3;0.3;1;0;0;0;0.3;0.3;1;1;0;0;0;0;0;0;0;0.3;0;0;0;0.7
307;Zeke Nnaji;PF;23;DEN;12;0;10.3;1.2;2.4;0.483;0.1;0.4;0.2;1.1;2;0.542;0.5;0.6;1;0.583;0.8;1.6;2.3;0.4;0.2;0.4;0.5;1.2;3
308;Markquis Nowell;SG;24;TOR;1;0;4;0;1;0;0;0;0;0;1;0;0;2;2;1;2;0;2;2;1;0;0;0;2
309;Jusuf Nurki?;C;29;PHO;12;12;26.8;3.2;7.8;0.404;0.7;2.6;0.258;2.5;5.3;0.476;0.447;2.9;3.9;0.745;2.7;6;8.7;4.5;1.3;0.8;2.1;3.4;9.9
310;Jordan Nwora;SF;25;IND;3;0;12;2;6;0.333;0.7;2.7;0.25;1.3;3.3;0.4;0.389;0.7;1;0.667;0.3;1.7;2;1.3;0;0.3;1.7;0.7;5.3
311;Royce O'Neale;SF;30;BRK;12;4;30.5;2.8;7.8;0.362;2.5;6.6;0.38;0.3;1.3;0.267;0.521;0.2;0.3;0.5;0.7;4.9;5.6;3.3;0.6;0.8;1.1;3.2;8.3
312;Chuma Okeke;SF;25;ORL;5;0;3.2;0.2;0.8;0.25;0;0.6;0;0.2;0.2;1;0.25;0;0;0;0.6;0.6;1.2;0.2;0;0;0.2;0;0.4
313;Josh Okogie;SG;25;PHO;12;6;22.3;2.3;5.2;0.435;0.6;2.2;0.269;1.7;3;0.556;0.492;2.3;2.8;0.848;1.7;1.3;3;1.1;0.7;0.4;0.8;1.3;7.4
314;Onyeka Okongwu;C;23;ATL;12;0;22.1;3.2;5.3;0.594;0.3;0.8;0.3;2.9;4.5;0.648;0.617;2.3;2.5;0.933;2.7;4;6.7;1.4;0.6;0.9;1.1;3.2;8.9
315;Isaac Okoro;SF;23;CLE;6;5;28.8;3.5;7.2;0.488;1;2.5;0.4;2.5;4.7;0.536;0.558;1.5;2.2;0.692;2;2.8;4.8;2.2;1.2;0.5;1;3.8;9.5
316;Kelly Olynyk;C;32;UTA;12;0;20.7;2.8;4.8;0.596;0.8;1.8;0.455;2;2.9;0.686;0.684;1.2;1.3;0.875;2.2;3.7;5.8;3.7;1;0.2;1.8;2.8;7.7
317;Eugene Omoruyi;SF;26;WAS;7;0;7.1;2.1;3;0.714;0.4;0.9;0.5;1.7;2.1;0.8;0.786;0.7;1.1;0.625;0.6;1.6;2.1;0.9;0.4;0.1;0.9;0.9;5.4
318;Cedi Osman;SF;28;SAS;13;0;19.3;2.9;6;0.487;1.6;3.6;0.447;1.3;2.4;0.548;0.622;0.4;0.5;0.714;0.4;1.5;1.9;1.3;0.5;0.2;0.5;1.2;7.8
319;Kelly Oubre Jr.;SF;28;PHI;8;5;29;5.9;11.8;0.5;1.8;4.6;0.378;4.1;7.1;0.579;0.574;2.8;3.5;0.786;1.4;3.8;5.1;0.6;1.4;0.4;0.9;2.4;16.3
320;Chris Paul;PG;38;GSW;14;5;28.4;3.5;9;0.389;1.1;3.8;0.302;2.4;5.2;0.452;0.452;1.3;1.4;0.9;0.3;3.4;3.7;7.4;1.6;0.1;1.2;1.5;9.4
321;Cameron Payne;PG;29;MIL;13;2;18;2.5;4.8;0.516;1.4;2.6;0.529;1.1;2.2;0.5;0.661;0.5;0.5;1;0.1;1.2;1.2;2.4;0.5;0.2;0.8;2.3;6.8
322;Gary Payton II;SG;31;GSW;12;0;17.3;2.4;5.3;0.453;0.8;2.2;0.346;1.7;3.2;0.526;0.523;0.4;0.7;0.625;1.2;1.8;3;1;1.2;0.2;0.5;1.6;6
323;Filip Petrušev;C;23;TOT;2;0;1.5;0;0;0;0;0;0;0;0;0;0;0;0;0;0;0.5;0.5;0;0;0;0;0;0
323;Filip Petrušev;C;23;PHI;1;0;3;0;0;0;0;0;0;0;0;0;0;0;0;0;0;1;1;0;0;0;0;0;0
323;Filip Petrušev;C;23;SAC;1;0;0;0;0;0;0;0;0;0;0;0;0;0;0;0;0;0;0;0;0;0;0;0;0
324;Julian Phillips;SF;20;CHI;5;0;2.8;0;0.6;0;0;0.4;0;0;0.2;0;0;0;0;0;0;0.2;0.2;0;0;0;0;0.2;0
325;Jalen Pickett;SG;24;DEN;6;0;6;1;1.7;0.6;0.5;1.2;0.429;0.5;0.5;1;0.75;0;0;0;0;0.8;0.8;0.5;0.2;0;0.5;0.8;2.5
326;Mason Plumlee;C;33;LAC;6;0;17;2;3.2;0.632;0;0;0;2;3.2;0.632;0.632;1;2.3;0.429;1.3;4.2;5.5;1;0.7;0.2;0.8;1;5
327;Brandin Podziemski;SG;20;GSW;9;0;15.7;2.6;5.3;0.479;1;2.2;0.45;1.6;3.1;0.5;0.573;1;1.2;0.818;0.9;2.9;3.8;2.1;0.3;0;1.3;1.8;7.1
328;Jakob Poeltl;C;28;TOR;12;12;25.7;4.9;7.3;0.678;0;0;0;4.9;7.3;0.678;0.678;0.8;1.8;0.429;2.9;5.3;8.2;2;0.9;0.8;1.7;2.7;10.6
329;Aleksej Pokusevski;PF;22;OKC;4;0;5.8;0;1.3;0;0;1.3;0;0;0;0;0;0.3;0.5;0.5;0;1;1;0.3;0;0.3;0.8;0.8;0.3
330;Jordan Poole;SG;24;WAS;12;12;28.9;5.8;14.7;0.392;1.8;6.6;0.278;3.9;8.1;0.485;0.455;2.2;2.7;0.813;0.5;2;2.5;3.7;1.2;0.5;3.2;3.1;15.5
331;Craig Porter Jr.;PG;23;CLE;7;0;9.6;1.9;3.7;0.5;0;0.1;0;1.9;3.6;0.52;0.5;0.7;1.4;0.5;0.1;1.7;1.9;1.6;0.6;0.1;0.7;1.1;4.4
332;Michael Porter Jr.;SF;25;DEN;12;12;30.3;6.5;13.7;0.476;2.6;7.3;0.352;3.9;6.3;0.618;0.57;0.8;1.2;0.714;2;6.2;8.2;1.5;0.4;0.8;0.9;2.4;16.4
333;Otto Porter Jr.;SF;30;TOR;6;1;14.8;1.2;3.2;0.368;0.8;2.2;0.385;0.3;1;0.333;0.5;0.2;0.2;1;0.5;2;2.5;0.2;0.5;0.5;0;1.2;3.3
334;Bobby Portis;PF;28;MIL;13;0;23.2;5;10.1;0.496;0.8;2.6;0.324;4.2;7.5;0.557;0.538;1.9;2.5;0.758;1;5.4;6.4;1.5;0.9;0.5;1.2;2.2;12.8
335;Kristaps Porzi??is;C;28;BOS;11;11;30.6;6.5;11.6;0.555;1.8;4.7;0.385;4.6;6.9;0.671;0.633;4.5;5.3;0.845;1.4;5.4;6.7;2.2;0.5;1.5;1.3;3.4;19.2
336;Dwight Powell;C;32;DAL;12;1;16.8;1.8;2.4;0.724;0.1;0.1;1;1.7;2.3;0.714;0.741;2.2;2.8;0.765;1.8;2.3;4;1.4;0.3;0.7;0.3;1.9;5.8
337;Norman Powell;SG;30;LAC;11;0;24.9;4.4;8.7;0.5;2;4.5;0.449;2.4;4.3;0.553;0.615;1.8;2.5;0.714;0.2;1.8;2;1.5;0.5;0.5;1.1;2.6;12.5
338;Taurean Prince;PF;29;LAL;11;11;30.3;3.5;7.8;0.442;1.4;4.5;0.306;2.1;3.4;0.622;0.529;0.9;1.1;0.833;0.2;1.6;1.8;1.1;0.7;0.5;0.4;2.9;9.2
339;Payton Pritchard;PG;26;BOS;12;0;20.5;1.8;5.3;0.328;0.8;3.3;0.231;1;2.1;0.48;0.398;0.5;0.6;0.857;1.3;1.9;3.3;3.5;0.3;0;0.6;1.5;4.8
340;Olivier-Maxence Prosper;PF;21;DAL;5;0;5.8;0.8;2;0.4;0.2;1;0.2;0.6;1;0.6;0.45;0.8;1.6;0.5;0.4;0.8;1.2;0.2;0;0;0;0.6;2.6
341;Immanuel Quickley;SG;24;NYK;13;0;25.3;5.4;11.7;0.461;1.9;5.2;0.368;3.5;6.5;0.536;0.543;2.8;3.2;0.878;0.3;3.3;3.6;3.6;0.5;0;1.3;1.9;15.5
342;Lester Quinones;SG;23;GSW;2;0;4.5;1;3;0.333;0.5;2;0.25;0.5;1;0.5;0.417;0;0;0;0;0;0;0;0;0;0.5;0.5;2.5
343;Julius Randle;PF;29;NYK;13;13;34.8;6.7;17.7;0.378;1.8;6.2;0.284;4.9;11.5;0.43;0.428;4.2;6.3;0.671;2;7.7;9.7;5.6;0.9;0.2;3.2;2.8;19.4
344;Duop Reath;C;27;POR;4;0;13.5;2.5;7.3;0.345;1.3;5;0.25;1.3;2.3;0.556;0.431;0.5;0.5;1;1;1;2;1.5;0;0.3;0.8;1.8;6.8
345;Austin Reaves;SG;25;LAL;13;8;30.8;4.5;10.4;0.437;1.4;4.1;0.34;3.2;6.3;0.5;0.504;2.6;3.2;0.81;1.2;3.8;5;4.8;1.1;0.1;2.6;1.3;13.1
346;Cam Reddish;SF;24;LAL;13;7;24.2;2.7;6.2;0.432;1.1;3;0.359;1.6;3.2;0.5;0.519;1.5;1.9;0.8;0.5;2.2;2.7;1;1.7;0.3;0.6;1.5;8
347;Paul Reed;C;24;PHI;12;0;12.9;2.1;3.5;0.595;0.1;0.3;0.25;2;3.2;0.632;0.607;0.2;0.3;0.5;1.7;2.8;4.4;1;0.3;0.4;0.8;2;4.4
348;Naz Reid;C;24;MIN;12;0;21.3;4.5;8.7;0.519;1.8;4.3;0.431;2.7;4.4;0.604;0.625;1.8;1.8;0.955;0.9;3;3.9;0.7;0.6;0.4;0.9;1.1;12.6
349;Jared Rhoden;SG;24;DET;5;0;6;1;1.8;0.556;0.2;0.8;0.25;0.8;1;0.8;0.611;0.4;0.4;1;0.2;0.6;0.8;0.6;0;0;0.4;0.8;2.6
350;Nick Richards;C;26;CHO;11;0;17.5;3;3.8;0.786;0;0;0;3;3.8;0.786;0.786;2.5;3.1;0.794;1.5;4.4;5.9;0.4;0.4;1.2;1.2;2.9;8.5
351;Josh Richardson;SG;30;MIA;10;1;25;2.8;7;0.4;1;3.9;0.256;1.8;3.1;0.581;0.471;0.8;0.9;0.889;0.1;2.3;2.4;2.7;0.6;0.2;0.9;1.8;7.4
352;Duncan Robinson;SF;29;MIA;13;5;29.8;5.2;11;0.469;3;7.3;0.411;2.2;3.7;0.583;0.605;1.2;1.4;0.889;0.3;2.5;2.8;2.8;0.4;0.2;1;2.2;14.5
353;Jerome Robinson;SG;26;GSW;1;0;5;0;2;0;0;0;0;0;2;0;0;0;0;0;1;1;2;0;0;0;0;0;0
354;Mitchell Robinson;C;25;NYK;13;13;29.8;2.8;4.9;0.563;0;0;0;2.8;4.9;0.563;0.563;0.8;2;0.385;6;5.6;11.6;0.5;1.3;1.2;0.6;1.8;6.3
355;Orlando Robinson;C;23;MIA;2;0;15;2;4.5;0.444;0.5;0.5;1;1.5;4;0.375;0.5;1;1;1;1;3;4;3.5;0.5;0.5;1.5;2;5.5
356;Jeremiah Robinson-Earl;PF;23;NOP;6;1;14.3;2;3.5;0.571;1;1.7;0.6;1;1.8;0.545;0.714;0.7;0.7;1;0.8;2;2.8;0.7;0.3;0;1;1.3;5.7
357;David Roddy;PF;22;MEM;12;1;22.9;3.4;7.8;0.436;0.7;2.9;0.229;2.8;4.9;0.559;0.479;0.6;0.9;0.636;1.2;2.6;3.8;1.1;0.7;0.5;0.8;1.9;8.1
358;Ryan Rollins;PG;21;WAS;7;0;6.9;1.3;2.6;0.5;0.1;0.3;0.5;1.1;2.3;0.5;0.528;1.9;2.3;0.813;0.3;1.1;1.4;1.4;1.1;0.3;1;0.9;4.6
359;Derrick Rose;PG;35;MEM;5;0;17;3;8.2;0.366;1.2;2.2;0.545;1.8;6;0.3;0.439;1;1.4;0.714;0.8;1;1.8;2.4;0.4;0.2;1.2;0.8;8.2
360;Terry Rozier;SG;29;CHO;5;5;35.8;8.4;18;0.467;1.6;6.2;0.258;6.8;11.8;0.576;0.511;3.6;4.4;0.818;0.8;3.2;4;5;0.6;0.4;2.2;0.8;22
361;Rayan Rupert;SG;19;POR;4;0;3;0;1;0;0;0.5;0;0;0.5;0;0;0.3;0.5;0.5;0;0;0;0;0;0;0.3;0.3;0.3
362;D'Angelo Russell;PG;27;LAL;13;13;32.6;6.9;14.4;0.481;2.3;5.9;0.39;4.6;8.5;0.545;0.561;2.2;2.8;0.806;0.5;2.8;3.4;6.5;0.4;0.6;1.9;2.3;18.4
363;Matt Ryan;SF;26;NOP;13;1;22.9;2.9;6.4;0.458;2.5;5.2;0.471;0.5;1.2;0.4;0.651;1;1.1;0.929;0.4;1.9;2.3;1.1;0.4;0.1;1.2;1.8;9.3
364;Domantas Sabonis;C;27;SAC;11;11;35.2;7.6;12.5;0.609;0.5;1.3;0.429;7.1;11.3;0.629;0.63;4;6.3;0.638;3.6;9.3;12.9;7.3;1;1;3.6;3.5;19.8
365;Luka Šamani?;PF;24;UTA;5;0;3.4;1;2;0.5;0.4;1;0.4;0.6;1;0.6;0.6;0.2;0.2;1;0;0.8;0.8;0.2;0.2;0;0;0.2;2.6
366;Jermaine Samuels;SF;25;HOU;3;0;6.7;0.7;1;0.667;0;0.3;0;0.7;0.7;1;0.667;0.7;0.7;1;0.3;0.7;1;0;0;0.3;0;1;2
367;Gui Santos;PF;21;GSW;1;0;4;1;3;0.333;0;1;0;1;2;0.5;0.333;0;0;0;2;1;3;1;0;0;0;0;2
368;Dario Šari?;C;29;GSW;14;3;21.1;3.3;8;0.411;1.4;4.1;0.328;1.9;3.9;0.5;0.496;1.2;1.4;0.895;1.8;4.6;6.4;2;0.5;0.4;0.9;2.2;9.1
369;Olivier Sarr;C;24;OKC;4;0;11;0.3;0.3;1;0;0;0;0.3;0.3;1;1;1;1.5;0.667;0.8;3.8;4.5;0.3;0;1.3;0.5;1.5;1.5
370;Marcus Sasser;PG;23;DET;13;0;19.5;3.5;7.5;0.469;1.5;3.8;0.388;2.1;3.8;0.551;0.566;0.5;0.5;1;0.2;2.3;2.5;2.7;0.8;0.1;0.7;1.7;9.1
371;Admiral Schofield;PF;26;ORL;1;0;3;2;4;0.5;1;3;0.333;1;1;1;0.625;0;0;0;0;0;0;0;0;0;0;0;5
372;Dennis Schröder;PG;30;TOR;12;12;31.8;5.4;12.8;0.425;1.9;5.2;0.371;3.5;7.6;0.462;0.5;2.8;3.3;0.846;0.7;2.4;3.1;7.3;1;0.2;1.9;1.8;15.5
373;Dereon Seabron;SG;23;NOP;5;0;10.4;0.8;2.6;0.308;0.2;0.4;0.5;0.6;2.2;0.273;0.346;1;1.2;0.833;0.2;1.2;1.4;0.8;0.4;0.2;0;0.8;2.8
374;Alperen Þengün;C;21;HOU;10;10;31.7;8.3;14.3;0.58;0.6;2.1;0.286;7.7;12.2;0.631;0.601;2.6;4.1;0.634;2.5;5.7;8.2;5.8;1;0.4;2.5;2.9;19.8
375;Brice Sensabaugh;SF;20;UTA;1;0;2;0;2;0;0;0;0;0;2;0;0;0;0;0;1;1;2;0;0;0;0;0;0
376;Collin Sexton;SG;25;UTA;12;0;19.8;4;8.8;0.453;0.8;2.8;0.294;3.2;6;0.528;0.5;3.1;3.5;0.881;0.8;1.7;2.4;3.2;0.3;0.3;1.8;1.8;11.9
377;Landry Shamet;SG;26;WAS;8;0;15.4;2.6;6.3;0.42;1.3;4.1;0.303;1.4;2.1;0.647;0.52;0.1;0.3;0.5;0.1;1.1;1.3;1.3;0.6;0.1;0.4;1.6;6.6
378;Day'Ron Sharpe;C;22;BRK;12;0;14.1;2.6;4.8;0.534;0;0.2;0;2.6;4.7;0.554;0.534;1.5;2.3;0.643;2.5;4;6.5;0.4;0.3;0.5;1.3;2;6.7
379;Shaedon Sharpe;SG;20;POR;12;11;38.4;6.2;15.2;0.407;2.1;6.3;0.329;4.1;8.8;0.462;0.475;4.2;5.1;0.82;1.8;3.9;5.8;3.4;0.9;0.6;3.5;2.9;18.6
380;Ben Sheppard;SG;22;IND;3;0;10.7;1.7;4;0.417;1;2.7;0.375;0.7;1.3;0.5;0.542;0;0;0;0.3;1;1.3;0.7;0;0;0;1.3;4.3
381;Pascal Siakam;PF;29;TOR;12;12;34.1;7.6;15.6;0.487;1;4.3;0.235;6.6;11.3;0.581;0.519;2.9;4.2;0.7;1.3;5.9;7.2;4.8;0.8;0.2;2.8;2.6;19.1
382;Ben Simmons;PG;27;BRK;6;6;31.8;3.2;6;0.528;0;0;0;3.2;6;0.528;0.528;0.2;0.7;0.25;2.7;8.2;10.8;6.7;0.5;0.8;2.5;2.7;6.5
383;Anfernee Simons;SG;24;POR;1;1;27;6;14;0.429;2;6;0.333;4;8;0.5;0.5;4;4;1;1;1;2;4;2;0;0;2;18
384;Jericho Sims;C;25;NYK;6;0;3;0.2;0.3;0.5;0;0;0;0.2;0.3;0.5;0.5;0.2;0.5;0.333;0.2;1.3;1.5;0.2;0;0;0;0.2;0.5
385;Jalen Slawson;SF;24;SAC;1;0;0;0;0;0;0;0;0;0;0;0;0;0;0;0;0;0;0;0;0;0;0;0;0
386;Marcus Smart;PG;29;MEM;11;11;29.9;4.6;10.8;0.429;1.6;5.5;0.295;3;5.3;0.569;0.504;1.5;1.9;0.81;0.3;2.2;2.5;5;2;0.4;3.4;3.2;12.5
387;Dennis Smith Jr.;PG;26;BRK;11;0;17;2.3;5.7;0.397;0.6;1.7;0.368;1.6;4;0.409;0.452;0.6;0.7;0.875;0.7;1.5;2.3;3.2;0.6;0.2;1;2.3;5.8
388;Dru Smith;SG;26;MIA;7;0;18.1;2.1;4.6;0.469;1;2.3;0.438;1.1;2.3;0.5;0.578;0.3;0.3;1;0.9;1;1.9;2;1.1;0.4;0.7;1.6;5.6
389;Ish Smith;PG;35;CHO;6;0;15;1.7;3.3;0.5;0.2;0.3;0.5;1.5;3;0.5;0.525;0;0;0;0.3;1.8;2.2;1.8;0.5;0.2;1.2;1;3.5
390;Jabari Smith Jr.;PF;20;HOU;10;10;28.6;4.9;10.5;0.467;1.7;4.8;0.354;3.2;5.7;0.561;0.548;0.5;0.9;0.556;1.6;5.4;7;1.2;0.6;0.5;1.1;3.5;12
391;Jalen Smith;C;23;IND;9;0;16.1;4.3;6.1;0.709;1.1;1.7;0.667;3.2;4.4;0.725;0.8;1.2;1.7;0.733;1.7;4.3;6;1.2;0.4;0.3;1.1;2.4;11
392;Nick Smith Jr.;SG;19;CHO;5;0;7.4;1;3.2;0.313;0.6;1.4;0.429;0.4;1.8;0.222;0.406;0;0;0;0.2;0.6;0.8;0.4;0.2;0.2;0.4;0.4;2.6
393;Jeremy Sochan;PG;20;SAS;13;13;28.7;4.2;9.5;0.447;0.8;1.8;0.417;3.5;7.6;0.455;0.488;1.4;1.9;0.72;1.4;4;5.4;4.5;1;0.3;2.5;3.3;10.6
394;Jaden Springer;SG;21;PHI;8;0;11.4;1.3;3.3;0.385;0.1;0.8;0.167;1.1;2.5;0.45;0.404;0.5;0.8;0.667;0.9;0.8;1.6;0.9;0.5;0.8;1.1;1.8;3.1
395;Lamar Stevens;PF;26;BOS;3;0;5.7;1.3;2.3;0.571;0.3;0.3;1;1;2;0.5;0.643;0;0;0;1.3;0.3;1.7;0.7;0.3;0;1;1;3
396;Isaiah Stewart;PF;22;DET;13;13;32.8;4.5;9.8;0.465;1.7;4.2;0.407;2.8;5.6;0.507;0.551;1.5;2;0.731;2.1;5.3;7.4;1.5;0.2;0.8;2.1;2.8;12.2
397;Julian Strawther;SF;21;DEN;9;0;9.8;1.9;4.4;0.425;1;3.1;0.321;0.9;1.3;0.667;0.538;0;0.2;0;0;0.8;0.8;0.6;0.2;0.2;0.1;1;4.8
398;Max Strus;SF;27;CLE;12;12;35.4;5.3;12.2;0.432;2.8;7.8;0.362;2.4;4.3;0.558;0.548;1.3;1.4;0.882;0.7;5.2;5.8;3.7;1;0.6;1.4;2.3;14.6
399;Jalen Suggs;SG;22;ORL;11;11;27.9;3.9;10.1;0.387;1.5;4.6;0.333;2.4;5.5;0.433;0.464;2.5;3.1;0.824;0.9;3.2;4.1;2.9;2.2;0.5;2.1;2.8;11.9
400;Cole Swider;SF;24;MIA;1;0;2;2;3;0.667;1;2;0.5;1;1;1;0.833;0;0;0;0;1;1;0;0;0;0;0;5
401;Jae'Sean Tate;SF;28;HOU;10;0;19.2;2.6;5.1;0.51;1;2.4;0.417;1.6;2.7;0.593;0.608;0.5;0.7;0.714;1.1;2.7;3.8;1.1;1.4;0.4;0.3;2.8;6.7
402;Jayson Tatum;PF;25;BOS;12;12;36.5;10;19.9;0.502;3.3;9.1;0.367;6.7;10.8;0.615;0.586;4.2;5.3;0.794;0.8;7.9;8.7;3.9;1.3;0.2;2.8;2.3;27.5
403;Terry Taylor;PF;24;CHI;3;0;2;0.3;0.3;1;0;0;0;0.3;0.3;1;1;0;0;0;0;0.3;0.3;0;0;0;0;0;0.7
404;Garrett Temple;SG;37;TOR;4;0;3.3;0.8;1;0.75;0.3;0.3;1;0.5;0.8;0.667;0.875;0.5;0.5;1;0;0.5;0.5;0;0.3;0;0;0;2.3
405;Dalen Terry;SG;21;CHI;4;0;2.8;0.8;2;0.375;0.3;1;0.25;0.5;1;0.5;0.438;0;0.5;0;0;1;1;0.8;0;0;0.3;0.3;1.8
406;Daniel Theis;C;31;TOT;2;0;9;1;3.5;0.286;0;1;0;1;2.5;0.4;0.286;0;1;0;0;1.5;1.5;0;0.5;0;0;1.5;2
406;Daniel Theis;C;31;IND;1;0;8;1;4;0.25;0;1;0;1;3;0.333;0.25;0;0;0;0;0;0;0;0;0;0;1;2
406;Daniel Theis;C;31;LAC;1;0;10;1;3;0.333;0;1;0;1;2;0.5;0.333;0;2;0;0;3;3;0;1;0;0;2;2
407;Cam Thomas;SG;22;BRK;8;7;32.4;9.9;20.6;0.479;2.1;6.6;0.321;7.8;14;0.554;0.53;5;5.9;0.851;0.3;3.5;3.8;2.1;0.9;0.6;1.3;1.9;26.9
408;Amen Thompson;SF;21;HOU;4;0;16.8;2.3;5.5;0.409;0.5;2.8;0.182;1.8;2.8;0.636;0.455;1.3;2;0.625;0.3;2.5;2.8;1.5;0.5;0.3;1.5;2.3;6.3
409;Ausar Thompson;SF;21;DET;13;13;31;4.7;10.8;0.436;0.3;2.2;0.143;4.4;8.6;0.509;0.45;2.1;3;0.692;4;6.3;10.3;3.5;1.2;1.8;2.4;3.4;11.8
410;Klay Thompson;SF;33;GSW;13;13;29.2;5.1;12.7;0.4;2.3;7;0.33;2.8;5.7;0.486;0.491;1.5;1.8;0.87;0.5;2.8;3.3;2.1;0.4;0.5;2;2.3;14
411;Tristan Thompson;PF;32;CLE;10;0;8.3;0.8;1.1;0.727;0;0;0;0.8;1.1;0.727;0.727;0.4;0.7;0.571;0.8;1.4;2.2;0.5;0.1;0.3;0.6;1;2
412;JT Thor;PF;21;CHO;12;1;17.9;1.8;4.2;0.42;0.8;2.1;0.36;1;2.1;0.48;0.51;0;0.3;0;1.1;2.3;3.4;0.8;0.3;0.4;0.3;1.3;4.3
413;Matisse Thybulle;SF;26;POR;12;9;20.6;2.4;4.7;0.518;1.6;3.8;0.422;0.8;0.9;0.909;0.688;0.3;0.4;0.8;0.3;1.4;1.7;1.2;1.2;0.7;0.6;1.1;6.8
414;Xavier Tillman Sr.;C;25;MEM;7;5;25.9;3.9;9.1;0.422;1;2.9;0.35;2.9;6.3;0.455;0.477;0.6;1.3;0.444;2;4.7;6.7;2.4;1.6;0.9;1.4;2.9;9.3
415;Obi Toppin;PF;25;IND;11;11;22.7;4.5;7.4;0.617;0.7;2.4;0.308;3.8;5;0.764;0.667;1.3;1.5;0.824;0.9;2.4;3.3;0.5;0.8;0.3;0.5;1.7;11.1
416;Karl-Anthony Towns;PF;28;MIN;12;12;33.3;8.1;16.5;0.49;2;5.6;0.358;6.1;10.9;0.557;0.551;3.5;3.8;0.913;1.1;7.9;9;2.8;0.8;0.7;2.3;3;21.7
417;Gary Trent Jr.;SG;25;TOR;9;2;27.6;3.9;10.3;0.376;2;5.2;0.383;1.9;5.1;0.37;0.473;1;2.1;0.474;0.4;2;2.4;0.9;1;0.1;0.9;1.1;10.8
418;P.J. Tucker;PF;38;TOT;10;3;17.4;0.6;1.7;0.353;0.5;1.4;0.357;0.1;0.3;0.333;0.5;0.3;0.3;1;1.3;2.1;3.4;0.4;0.6;0.3;0.3;2.4;2
418;P.J. Tucker;PF;38;PHI;3;3;22;0.7;1.7;0.4;0.7;1.7;0.4;0;0;0;0.6;0;0;0;0.3;4.3;4.7;0;1;0.7;0.7;3;2
418;P.J. Tucker;PF;38;LAC;7;0;15.4;0.6;1.7;0.333;0.4;1.3;0.333;0.1;0.4;0.333;0.458;0.4;0.4;1;1.7;1.1;2.9;0.6;0.4;0.1;0.1;2.1;2
419;Myles Turner;C;27;IND;11;11;26.6;6.3;12.2;0.515;1.9;4.8;0.396;4.4;7.4;0.593;0.593;3.5;4.4;0.792;1.5;6;7.5;1.5;0.5;1.7;1.6;3.5;17.9
420;Hunter Tyson;PF;23;DEN;4;0;2.8;0.3;0.8;0.333;0;0.5;0;0.3;0.3;1;0.333;0;0;0;0;0.8;0.8;0;0;0;0;1;0.5
421;Stanley Umude;SG;24;DET;9;0;8.8;1;2.1;0.474;0.8;1.4;0.538;0.2;0.7;0.333;0.658;1.3;1.4;0.923;0.1;1.6;1.7;0.1;0.2;0.2;0.3;1.2;4.1
422;Jonas Valan?i?nas;C;31;NOP;13;13;25.4;5.5;10.2;0.534;0.8;2.2;0.379;4.6;8;0.577;0.575;1.8;2.2;0.828;2;6.4;8.4;2.2;0.3;1.6;1.5;2.8;13.6
423;Fred VanVleet;PG;29;HOU;10;10;36.4;6;15.2;0.395;3.3;8.5;0.388;2.7;6.7;0.403;0.503;2.1;2.4;0.875;0.3;3.6;3.9;8.1;0.6;0.4;1.7;1.9;17.4
424;Devin Vassell;SG;23;SAS;9;8;28.9;6.2;12.6;0.496;2.4;5.7;0.431;3.8;6.9;0.548;0.593;2.4;3.3;0.733;0.4;3.1;3.6;2.8;1;0.1;1.3;0.9;17.3
425;Sasha Vezenkov;PF;28;SAC;10;0;14.1;2.2;5.1;0.431;1.2;3.5;0.343;1;1.6;0.625;0.549;0.3;0.3;1;0.1;1.9;2;0.2;0.6;0.2;0.1;1.3;5.9
426;Gabe Vincent;PG;27;LAL;4;0;28.3;2.8;7;0.393;0.3;3.5;0.071;2.5;3.5;0.714;0.411;0.3;0.5;0.5;0.5;0.5;1;3;1.5;0;0.5;2.5;6
427;Nikola Vu?evi?;C;33;CHI;14;14;34.4;7.3;15.6;0.466;0.9;3.5;0.265;6.4;12.1;0.524;0.495;1.4;1.7;0.792;2.9;7.6;10.5;2.9;0.9;0.6;1.9;2.9;16.9
428;Dean Wade;PF;27;CLE;11;5;19;1;2.9;0.344;0.9;2.7;0.333;0.1;0.2;0.5;0.5;0.2;0.4;0.5;0.6;2.5;3.2;0.6;0.5;0.3;0.4;2.1;3.1
429;Franz Wagner;SF;22;ORL;12;12;33.7;6.9;16.6;0.417;1.8;5.8;0.3;5.2;10.8;0.481;0.47;2.9;3.5;0.833;1.2;4.3;5.5;3.3;1.1;0.3;2.1;2.3;18.5
430;Moritz Wagner;C;26;ORL;12;0;19.5;4.4;6.9;0.639;0.6;1.8;0.333;3.8;5.2;0.742;0.681;2;2.4;0.828;1.3;3.2;4.5;1.2;0.5;0.5;1.3;2.8;11.4
431;Ish Wainright;SF;29;POR;2;0;2.5;0;0.5;0;0;0.5;0;0;0;0;0;0;0;0;0;0;0;0;0.5;0;0;0.5;0
432;Jabari Walker;SF;21;POR;12;0;15.5;2.3;5;0.467;0.6;1.8;0.318;1.8;3.2;0.553;0.525;1.3;1.7;0.75;1.2;2.8;4;0.5;0.8;0.7;0.8;1.8;6.5
433;Jarace Walker;PF;20;IND;3;0;9;1.3;4;0.333;0;0.7;0;1.3;3.3;0.4;0.333;0.7;0.7;1;0.3;2;2.3;1.7;0.3;0.3;0;0.7;3.3
434;Lonnie Walker IV;SG;25;BRK;11;0;21.6;5.8;11.5;0.508;2.3;5.2;0.439;3.5;6.3;0.565;0.607;1.8;2.4;0.769;0.2;2.7;2.9;2;0.7;0.5;1.3;1;15.7
435;Cason Wallace;SG;20;OKC;13;1;23;3;4.8;0.629;1;1.8;0.542;2;2.9;0.684;0.734;0.7;0.7;1;0.5;1.8;2.4;1.8;0.6;0.4;0.5;1.8;7.7
436;P.J. Washington;PF;25;CHO;12;12;32.5;5.9;13;0.455;1.6;5.2;0.306;4.3;7.8;0.553;0.516;1.4;1.9;0.739;1.1;4.3;5.3;2;0.4;0.7;1.6;2.8;14.8
437;TyTy Washington Jr.;PG;22;MIL;2;0;3;0.5;1.5;0.333;0.5;1;0.5;0;0.5;0;0.5;0;0;0;0;0.5;0.5;0;0.5;0;1;0;1.5
438;Yuta Watanabe;SF;29;PHO;12;0;18.6;1.8;4.6;0.382;1.3;3.6;0.372;0.4;1;0.417;0.527;0.5;0.6;0.857;0.6;2.1;2.7;0.7;0.3;0.3;0.8;1.8;5.3
439;Lindy Waters III;SG;26;OKC;5;0;5.8;0.4;1.2;0.333;0.4;1.2;0.333;0;0;0;0.5;0;0;0;0;0;0;0.4;0;0;0;0.2;1.2
440;Trendon Watford;PF;23;BRK;6;0;14;2.7;4.8;0.552;0.3;0.8;0.4;2.3;4;0.583;0.586;1;1;1;1.3;2.5;3.8;2.2;0.7;0.2;1;2;6.7
441;Peyton Watson;SF;21;DEN;12;0;14.3;2;3.7;0.545;0.3;1.2;0.286;1.7;2.5;0.667;0.591;0.3;0.7;0.5;0.4;1.4;1.8;0.7;0.5;0.9;0.7;1.3;4.7
442;Victor Wembanyama;PF;20;SAS;13;13;30.2;7.2;16.8;0.429;1.6;5.7;0.284;5.6;11.2;0.503;0.477;3.2;4.2;0.778;2.2;7.4;9.5;2.4;1.1;2.6;3.8;2.8;19.3
443;Blake Wesley;SG;20;SAS;4;0;5.3;0.8;2;0.375;0;0.3;0;0.8;1.8;0.429;0.375;0.3;0.5;0.5;0.3;0.3;0.5;0.8;0;0.3;0.3;0.8;1.8
444;Russell Westbrook;PG;35;LAC;11;10;29.5;5.6;12.5;0.449;1.1;3.5;0.316;4.5;9.1;0.5;0.493;1.1;1.9;0.571;1.4;5.3;6.6;5.4;1.7;0.3;3.2;2.7;13.5
445;Coby White;PG;23;CHI;14;14;31.4;4.3;11.3;0.38;1.8;5.8;0.309;2.5;5.5;0.455;0.459;1.2;1.6;0.773;0.2;2.5;2.7;4.1;1.1;0.2;1.8;2.8;11.6
446;Derrick White;SG;29;BOS;10;10;31;4.6;9.6;0.479;2.4;5.7;0.421;2.2;3.9;0.564;0.604;2.4;2.9;0.828;0.7;3;3.7;4.6;0.9;0.9;1.3;2.1;14
447;Cam Whitmore;SF;19;HOU;3;0;7.7;1;3;0.333;0;1;0;1;2;0.5;0.333;0.3;0.7;0.5;0;1;1;0.3;0.3;0;0.7;0.3;2.3
448;Aaron Wiggins;SG;25;OKC;11;0;10.4;1.5;2.7;0.533;0.3;1;0.273;1.2;1.7;0.684;0.583;0.4;0.5;0.667;0.2;1.3;1.5;0.6;0.3;0.1;0.5;0.8;3.5
449;Andrew Wiggins;SF;28;GSW;14;14;26.7;4.9;11.5;0.429;0.7;3.2;0.222;4.2;8.3;0.509;0.46;1.4;2.9;0.5;1.9;1.9;3.9;1.1;0.4;0.4;1.7;2.5;12
450;Lindell Wigginton;PG;25;MIL;1;0;2;0;1;0;0;1;0;0;0;0;0;0;0;0;0;0;0;0;0;0;1;1;0
451;Grant Williams;PF;25;DAL;13;13;29.6;3.8;8.2;0.472;2.8;5.8;0.48;1.1;2.4;0.452;0.642;0.9;1.5;0.632;1;2.7;3.7;1.5;0.3;0.7;0.9;2.4;11.4
452;Jalen Williams;PF;22;OKC;13;13;33.2;6.5;12.6;0.518;1.1;2.9;0.368;5.5;9.7;0.563;0.561;3.4;3.8;0.88;0.2;3.8;4.1;3.6;0.8;0.2;2.2;3;17.5
453;Jaylin Williams;C;21;OKC;8;0;12.1;1.3;3.3;0.385;0.5;2;0.25;0.8;1.3;0.6;0.462;0.6;0.8;0.833;0.3;3.1;3.4;1.3;0.5;0.3;0.4;1.6;3.6
454;Jeenathan Williams;SG;24;HOU;2;0;6.5;2;3.5;0.571;0;1;0;2;2.5;0.8;0.571;0.5;1;0.5;0;0;0;0.5;0.5;0;0;0;4.5
455;Kenrich Williams;PF;29;OKC;3;0;18.3;2.3;4.3;0.538;0.3;1.3;0.25;2;3;0.667;0.577;0.3;0.7;0.5;1;2;3;2;0.3;0;0.3;2.7;5.3
456;Mark Williams;C;22;CHO;12;12;26.1;5.4;7.5;0.722;0;0;0;5.4;7.5;0.722;0.722;2.7;3.8;0.696;3.9;5.6;9.5;1.4;0.9;0.7;1.1;2.2;13.5
457;Patrick Williams;PF;22;CHI;14;6;22.4;1.9;6;0.31;0.7;2.8;0.256;1.1;3.2;0.356;0.369;1.1;1.4;0.8;0.7;2.8;3.5;1.3;1.1;0.9;1.1;1.6;5.6
458;Robert Williams;C;26;POR;6;0;19.8;2.8;4.3;0.654;0;0;0;2.8;4.3;0.654;0.654;1.2;1.5;0.778;1.8;4.5;6.3;0.8;1.2;1.2;1.2;2.8;6.8
459;Vince Williams Jr.;SG;23;MEM;4;0;8;0.5;2;0.25;0.3;1.8;0.143;0.3;0.3;1;0.313;1.8;2;0.875;0;1.3;1.3;1;0.3;0.8;0.5;1;3
460;Ziaire Williams;SF;22;MEM;11;8;25.5;3.1;8.5;0.366;1.4;4.4;0.313;1.7;4.1;0.422;0.446;1.5;1.7;0.895;0.7;4.5;5.3;1.5;0.5;0.5;1.5;2.1;9.1
461;Zion Williamson;PF;23;NOP;10;10;31.2;8.7;16.6;0.524;0.1;0.2;0.5;8.6;16.4;0.524;0.527;4.3;7.5;0.573;2.6;3.7;6.3;4.4;0.8;0.3;2.9;2.8;21.8
462;Jalen Wilson;PF;23;BRK;2;0;3.5;0;0.5;0;0;0;0;0;0.5;0;0;0;0;0;0;0.5;0.5;0;0;0.5;0;0;0
463;Dylan Windler;SF;27;NYK;3;0;2.3;0.3;0.7;0.5;0.3;0.7;0.5;0;0;0;0.75;0;0;0;0;0.3;0.3;0.3;0;0;0;0.3;1
464;James Wiseman;C;22;DET;6;0;9.3;2.2;3.7;0.591;0;0.2;0;2.2;3.5;0.619;0.591;0.2;0.3;0.5;0.8;2;2.8;0.3;0.2;0.3;0.5;1.7;4.5
465;Christian Wood;PF;28;LAL;13;1;20.8;2.5;5.5;0.451;0.8;2.5;0.333;1.6;2.9;0.553;0.528;1.2;2;0.615;1.2;5.2;6.4;0.8;0.2;0.6;1.3;1.8;7
466;Delon Wright;PG;31;WAS;8;0;17.6;1.4;3.8;0.367;0.5;1.4;0.364;0.9;2.4;0.368;0.433;1.8;2;0.875;0.4;2.1;2.5;4.4;1.6;0.1;0.5;0.8;5
467;Thaddeus Young;PF;35;TOR;3;0;3.3;0.7;1.3;0.5;0;0;0;0.7;1.3;0.5;0.5;0;0.7;0;0.3;0.7;1;1;0;0;0.3;0;1.3
468;Trae Young;PG;25;ATL;11;11;35.7;6.3;17.6;0.356;2;7.1;0.282;4.3;10.5;0.405;0.412;8.8;9.8;0.898;0.6;2;2.6;11.1;1.5;0;4.1;1.5;23.4
469;Omer Yurtseven;C;25;UTA;7;0;4.6;1;1.4;0.7;0.1;0.4;0.333;0.9;1;0.857;0.75;0.1;0.3;0.5;0.4;1.1;1.6;0.4;0;0.1;0.1;0.9;2.3
470;Cody Zeller;C;31;NOP;10;0;6.8;0.3;1.4;0.214;0;0;0;0.3;1.4;0.214;0.214;0.4;1;0.4;1;1.8;2.8;0.8;0.2;0.1;0.3;0.8;1
471;Ivica Zubac;C;26;LAC;11;11;25.9;4.3;7.3;0.588;0;0;0;4.3;7.3;0.588;0.588;1.9;3.2;0.6;3;5.3;8.3;0.8;0.2;1.6;1.4;3.2;10.5
